subject,ssd,nstoptrials,n_matched_go,mean_violation,mean_stopFailureRT,mean_precedingGoRT
4,500.0,38,9,-51.0,659.4444444444445,710.4444444444445
4,550.0,38,21,-28.666666666666668,721.5714285714286,750.2380952380952
4,600.0,19,4,-97.25,682.5,779.75
4,650.0,5,4,-106.25,732.25,838.5
5,300.0,26,4,-35.5,542.0,577.5
5,350.0,40,11,-110.36363636363636,525.3636363636364,635.7272727272727
5,400.0,27,13,-24.923076923076923,607.6153846153846,632.5384615384615
5,450.0,8,3,12.333333333333334,529.3333333333334,517.0
9,450.0,28,6,-54.5,556.8333333333334,611.3333333333334
9,500.0,25,6,-8.666666666666666,633.0,641.6666666666666
9,550.0,20,10,14.8,615.1,600.3
9,600.0,13,5,-93.0,630.0,723.0
9,650.0,5,3,-68.33333333333333,657.3333333333334,725.6666666666666
11,300.0,26,5,-74.4,494.8,569.2
11,350.0,28,9,-49.0,529.6666666666666,578.6666666666666
11,400.0,27,8,-56.0,532.0,588.0
11,450.0,18,9,-69.22222222222223,545.0,614.2222222222222
11,500.0,7,3,-79.33333333333333,547.0,626.3333333333334
12,150.0,9,2,-97.0,459.0,556.0
12,250.0,19,7,-98.42857142857143,451.42857142857144,549.8571428571429
12,300.0,22,9,-70.0,517.3333333333334,587.3333333333334
12,350.0,17,8,-138.0,532.375,670.375
12,400.0,10,2,-121.0,466.5,587.5
12,450.0,10,3,-83.33333333333333,449.6666666666667,533.0
12,500.0,8,3,108.33333333333333,655.0,546.6666666666666
12,550.0,4,3,-113.66666666666667,594.0,707.6666666666666
13,200.0,17,2,-87.0,440.0,527.0
13,250.0,39,8,-91.625,431.25,522.875
13,300.0,39,19,-22.526315789473685,508.89473684210526,531.421052631579
13,350.0,19,8,-2.125,542.25,544.375
13,400.0,4,2,14.0,540.0,526.0
15,250.0,32,9,-79.44444444444444,442.8888888888889,522.3333333333334
15,300.0,37,13,-6.384615384615385,493.7692307692308,500.15384615384613
15,350.0,25,12,-75.5,491.75,567.25
15,400.0,10,5,15.4,538.2,522.8
16,150.0,15,2,14.5,474.5,460.0
16,200.0,42,9,-65.77777777777777,437.77777777777777,503.55555555555554
16,250.0,41,13,-13.692307692307692,514.5384615384615,528.2307692307693
16,300.0,15,10,-85.5,477.3,562.8
16,350.0,3,2,-94.0,582.0,676.0
17,300.0,15,3,85.0,574.6666666666666,489.6666666666667
17,350.0,23,3,-65.0,535.3333333333334,600.3333333333334
17,400.0,30,7,-50.857142857142854,558.4285714285714,609.2857142857143
17,450.0,25,10,-64.0,614.6,678.6
17,500.0,13,7,-26.571428571428573,654.7142857142857,681.2857142857143
17,550.0,5,4,-92.75,582.0,674.75
19,300.0,40,18,-65.5,480.5,546.0
19,350.0,24,10,-35.2,492.3,527.5
19,400.0,15,9,-74.0,510.0,584.0
19,450.0,3,2,82.5,522.0,439.5
20,250.0,14,3,-6.0,574.6666666666666,580.6666666666666
20,300.0,20,4,-135.5,544.5,680.0
20,350.0,19,7,-70.57142857142857,582.4285714285714,653.0
20,400.0,18,5,48.0,629.2,581.2
20,450.0,15,7,-143.71428571428572,562.4285714285714,706.1428571428571
20,500.0,12,4,-82.25,567.25,649.5
20,550.0,11,6,-116.66666666666667,578.6666666666666,695.3333333333334
20,600.0,5,2,23.0,693.5,670.5
23,300.0,25,6,-2.0,647.1666666666666,649.1666666666666
23,350.0,29,9,-85.55555555555556,702.4444444444445,788.0
23,400.0,26,8,-37.875,674.0,711.875
23,450.0,17,9,-158.66666666666666,687.8888888888889,846.5555555555555
23,500.0,9,5,-48.6,713.6,762.2
23,550.0,2,2,-92.5,583.0,675.5
25,200.0,10,2,78.0,633.0,555.0
25,250.0,28,5,-48.2,472.6,520.8
25,300.0,43,9,-27.555555555555557,516.2222222222222,543.7777777777778
25,350.0,29,16,0.5625,605.25,604.6875
25,400.0,6,5,-22.2,534.2,556.4
28,100.0,4,3,69.0,624.6666666666666,555.6666666666666
28,200.0,9,2,74.0,560.0,486.0
28,300.0,15,4,-88.75,499.75,588.5
28,350.0,19,6,-64.5,536.0,600.5
28,400.0,24,8,15.375,645.875,630.5
28,450.0,15,8,-43.5,597.25,640.75
28,550.0,4,2,-240.5,585.5,826.0
30,350.0,24,5,-242.2,505.8,748.0
30,400.0,31,7,-79.85714285714286,487.85714285714283,567.7142857142857
30,450.0,26,9,-50.111111111111114,536.5555555555555,586.6666666666666
30,500.0,14,7,-89.85714285714286,573.1428571428571,663.0
30,550.0,6,3,109.0,666.6666666666666,557.6666666666666
30,600.0,3,2,81.5,684.5,603.0
31,200.0,18,2,-17.0,698.5,715.5
31,250.0,33,14,-76.42857142857143,466.7857142857143,543.2142857142857
31,300.0,35,10,-54.3,506.5,560.8
31,350.0,23,14,-81.78571428571429,551.2142857142857,633.0
31,400.0,7,5,-32.8,552.0,584.8
32,350.0,35,10,-36.6,513.4,550.0
32,400.0,32,14,-46.285714285714285,556.7142857142857,603.0
32,450.0,19,5,-110.0,529.0,639.0
32,500.0,8,5,-78.4,599.4,677.8
33,350.0,13,3,-102.0,586.3333333333334,688.3333333333334
33,400.0,11,2,-213.5,604.0,817.5
33,450.0,16,4,-196.75,672.0,868.75
33,500.0,26,7,15.285714285714286,851.4285714285714,836.1428571428571
33,550.0,24,9,-170.77777777777777,686.8888888888889,857.6666666666666
33,600.0,14,3,-110.0,724.6666666666666,834.6666666666666
33,650.0,5,3,-20.333333333333332,856.3333333333334,876.6666666666666
35,200.0,7,2,-24.0,469.5,493.5
35,250.0,18,2,-56.0,560.5,616.5
35,300.0,31,10,-87.3,507.1,594.4
35,350.0,30,11,-10.272727272727273,535.9090909090909,546.1818181818181
35,400.0,18,5,14.0,582.6,568.6
35,450.0,8,5,-44.6,550.6,595.2
35,500.0,3,3,-26.666666666666668,597.6666666666666,624.3333333333334
36,100.0,8,2,7.5,538.0,530.5
36,150.0,15,5,83.2,622.4,539.2
36,200.0,29,2,100.0,555.0,455.0
36,250.0,34,10,49.1,556.5,507.4
36,300.0,21,9,-10.11111111111111,500.1111111111111,510.22222222222223
36,350.0,8,3,138.0,615.6666666666666,477.6666666666667
37,300.0,7,2,88.0,666.5,578.5
37,350.0,24,2,-33.5,586.0,619.5
37,400.0,43,11,6.363636363636363,667.8181818181819,661.4545454545455
37,450.0,31,17,-6.882352941176471,638.1176470588235,645.0
37,500.0,10,6,-86.83333333333333,656.5,743.3333333333334
38,150.0,16,2,42.5,545.0,502.5
38,200.0,38,11,-1.0,467.72727272727275,468.72727272727275
38,250.0,38,15,-0.06666666666666667,488.6666666666667,488.73333333333335
38,300.0,20,7,43.857142857142854,481.14285714285717,437.2857142857143
38,350.0,6,5,-28.0,468.0,496.0
39,100.0,10,2,-205.0,486.0,691.0
39,150.0,19,7,61.857142857142854,552.1428571428571,490.2857142857143
39,200.0,34,7,15.571428571428571,509.57142857142856,494.0
39,250.0,34,16,31.75,541.5625,509.8125
39,300.0,16,8,-51.25,479.0,530.25
39,350.0,5,2,51.5,509.0,457.5
40,250.0,23,2,-162.0,543.0,705.0
40,300.0,32,8,-101.5,473.0,574.5
40,350.0,26,10,-50.6,505.9,556.5
40,400.0,20,6,-23.166666666666668,586.0,609.1666666666666
40,450.0,11,5,-107.8,536.4,644.2
41,200.0,19,5,-59.8,496.0,555.8
41,250.0,31,7,-14.571428571428571,502.57142857142856,517.1428571428571
41,300.0,31,9,-101.11111111111111,482.1111111111111,583.2222222222222
41,350.0,14,6,23.5,551.6666666666666,528.1666666666666
41,450.0,4,2,121.5,613.5,492.0
41,550.0,3,2,256.0,906.0,650.0
42,200.0,26,6,1.5,495.8333333333333,494.3333333333333
42,250.0,32,14,-67.5,475.64285714285717,543.1428571428571
42,300.0,30,11,-30.09090909090909,512.4545454545455,542.5454545454545
42,350.0,19,8,-35.375,535.25,570.625
42,400.0,4,2,57.5,638.0,580.5
43,300.0,16,4,-181.0,536.0,717.0
43,350.0,21,4,-54.75,516.5,571.25
43,400.0,21,5,-111.0,551.8,662.8
43,450.0,14,7,-96.71428571428571,608.4285714285714,705.1428571428571
43,500.0,8,4,-61.0,605.75,666.75
43,550.0,5,3,13.333333333333334,660.0,646.6666666666666
43,700.0,4,2,-48.5,567.5,616.0
43,750.0,3,2,-73.0,583.0,656.0
44,300.0,15,2,-261.5,548.0,809.5
44,350.0,20,5,-215.8,534.2,750.0
44,400.0,26,6,-299.8333333333333,528.0,827.8333333333334
44,450.0,27,12,-140.25,588.5,728.75
44,500.0,14,6,-95.16666666666667,670.3333333333334,765.5
44,650.0,4,3,-70.0,688.0,758.0
46,200.0,18,5,37.8,559.2,521.4
46,250.0,22,8,-34.5,547.0,581.5
46,300.0,28,8,-16.125,585.25,601.375
46,350.0,21,11,-13.636363636363637,573.2727272727273,586.9090909090909
46,400.0,8,4,-108.75,611.5,720.25
46,450.0,4,3,-32.0,662.3333333333334,694.3333333333334
47,250.0,11,2,-118.5,443.0,561.5
47,300.0,27,5,-30.2,568.0,598.2
47,350.0,39,12,-53.083333333333336,549.3333333333334,602.4166666666666
47,400.0,30,12,-31.583333333333332,547.8333333333334,579.4166666666666
47,450.0,10,6,-191.5,533.1666666666666,724.6666666666666
48,150.0,20,3,1.0,459.3333333333333,458.3333333333333
48,200.0,46,8,6.375,421.5,415.125
48,250.0,39,18,-8.166666666666666,436.55555555555554,444.72222222222223
48,300.0,11,7,0.2857142857142857,459.85714285714283,459.57142857142856
49,300.0,30,6,-78.66666666666667,507.1666666666667,585.8333333333334
49,350.0,43,14,-32.5,511.7142857142857,544.2142857142857
49,400.0,29,16,-57.9375,542.0,599.9375
49,450.0,10,5,-19.0,526.0,545.0
51,0.0,3,2,15.0,593.5,578.5
51,350.0,22,4,26.25,582.5,556.25
51,400.0,26,6,-33.5,579.8333333333334,613.3333333333334
51,450.0,23,9,-10.88888888888889,650.4444444444445,661.3333333333334
51,500.0,13,4,-33.75,653.75,687.5
52,250.0,8,2,-86.0,539.0,625.0
52,300.0,19,4,-51.5,617.75,669.25
52,350.0,27,8,-40.25,608.5,648.75
52,400.0,26,9,-3.3333333333333335,632.1111111111111,635.4444444444445
52,450.0,21,9,-104.77777777777777,609.7777777777778,714.5555555555555
52,500.0,12,5,-65.2,632.0,697.2
52,550.0,3,3,53.0,718.6666666666666,665.6666666666666
53,250.0,39,7,9.142857142857142,569.0,559.8571428571429
53,300.0,41,19,-52.63157894736842,522.1052631578947,574.7368421052631
53,350.0,20,11,6.2727272727272725,612.0,605.7272727272727
53,400.0,5,2,2.0,603.5,601.5
54,0.0,36,12,-19.833333333333332,489.8333333333333,509.6666666666667
54,50.0,37,6,70.33333333333333,521.1666666666666,450.8333333333333
54,100.0,30,10,89.9,541.6,451.7
54,150.0,14,10,62.3,553.6,491.3
54,200.0,2,2,-86.5,624.0,710.5
55,250.0,4,2,-66.5,422.0,488.5
55,350.0,12,4,-33.5,596.25,629.75
55,400.0,19,5,-61.8,593.6,655.4
55,450.0,23,8,-105.75,639.625,745.375
55,500.0,23,10,-119.0,700.6,819.6
55,550.0,17,10,-42.6,682.0,724.6
55,600.0,9,4,-4.5,775.5,780.0
55,650.0,4,3,-89.0,732.0,821.0
56,150.0,3,2,-9.0,569.5,578.5
56,300.0,6,2,-39.0,563.0,602.0
56,350.0,10,3,-3.6666666666666665,589.0,592.6666666666666
56,400.0,23,3,-20.666666666666668,657.3333333333334,678.0
56,450.0,34,12,-32.833333333333336,681.5833333333334,714.4166666666666
56,500.0,26,8,89.25,842.75,753.5
56,550.0,8,5,19.6,764.4,744.8
58,150.0,14,3,125.33333333333333,579.3333333333334,454.0
58,200.0,28,7,25.571428571428573,487.57142857142856,462.0
58,250.0,30,12,-51.0,478.0833333333333,529.0833333333334
58,300.0,25,7,-19.285714285714285,497.7142857142857,517.0
58,350.0,16,7,-71.85714285714286,498.14285714285717,570.0
58,400.0,3,3,-14.666666666666666,474.3333333333333,489.0
59,200.0,38,6,159.16666666666666,682.8333333333334,523.6666666666666
59,250.0,46,21,-17.095238095238095,518.4285714285714,535.5238095238095
59,300.0,21,13,-69.61538461538461,528.3846153846154,598.0
60,250.0,14,3,-58.0,482.3333333333333,540.3333333333334
60,300.0,32,7,-81.14285714285714,501.0,582.1428571428571
60,350.0,41,15,-19.2,574.8,594.0
60,400.0,24,14,13.857142857142858,634.7857142857143,620.9285714285714
60,450.0,5,2,-106.0,517.5,623.5
62,250.0,14,2,-2.5,493.5,496.0
62,300.0,33,5,-70.6,493.6,564.2
62,350.0,40,18,-71.77777777777777,494.1666666666667,565.9444444444445
62,400.0,23,12,-74.0,535.1666666666666,609.1666666666666
62,450.0,6,2,-67.0,593.0,660.0
63,250.0,39,10,16.0,554.4,538.4
63,300.0,41,13,-16.53846153846154,550.6923076923077,567.2307692307693
63,350.0,19,13,-53.84615384615385,540.3076923076923,594.1538461538462
64,300.0,11,2,-219.5,574.0,793.5
64,350.0,18,7,-106.42857142857143,585.4285714285714,691.8571428571429
64,400.0,21,6,-206.16666666666666,545.0,751.1666666666666
64,450.0,21,5,3.6,603.2,599.6
64,500.0,20,6,-9.666666666666666,674.1666666666666,683.8333333333334
64,550.0,13,9,-96.88888888888889,664.3333333333334,761.2222222222222
64,600.0,6,2,-75.0,758.5,833.5
64,650.0,4,2,216.0,813.5,597.5
66,0.0,19,9,37.22222222222222,610.7777777777778,573.5555555555555
66,50.0,5,2,-126.5,612.5,739.0
66,150.0,5,2,108.0,616.5,508.5
66,250.0,15,7,91.14285714285714,723.7142857142857,632.5714285714286
66,300.0,12,5,60.4,642.6,582.2
66,350.0,13,5,-24.0,577.2,601.2
66,400.0,14,5,-65.4,575.0,640.4
66,450.0,13,5,36.8,778.8,742.0
66,500.0,7,3,-53.666666666666664,583.0,636.6666666666666
71,250.0,17,4,-150.0,488.25,638.25
71,300.0,23,6,-132.66666666666666,499.0,631.6666666666666
71,350.0,22,8,100.875,783.875,683.0
71,400.0,18,5,-30.6,642.6,673.2
71,450.0,18,4,-28.5,606.75,635.25
71,500.0,13,6,-107.83333333333333,641.5,749.3333333333334
74,250.0,31,5,-77.2,497.4,574.6
74,300.0,41,12,-3.1666666666666665,548.0,551.1666666666666
74,350.0,29,15,25.0,566.5333333333333,541.5333333333333
74,400.0,7,3,-144.33333333333334,551.3333333333334,695.6666666666666
76,250.0,16,7,-156.71428571428572,464.0,620.7142857142857
76,300.0,14,3,89.0,597.6666666666666,508.6666666666667
76,350.0,15,4,-95.25,576.0,671.25
76,400.0,9,3,142.0,761.0,619.0
76,450.0,5,2,-110.0,868.5,978.5
76,500.0,4,2,-33.5,603.5,637.0
80,0.0,7,3,333.0,848.6666666666666,515.6666666666666
80,100.0,17,7,35.285714285714285,575.2857142857143,540.0
80,150.0,29,6,-159.16666666666666,477.6666666666667,636.8333333333334
80,200.0,32,11,44.54545454545455,595.7272727272727,551.1818181818181
80,250.0,20,8,13.375,674.25,660.875
80,300.0,6,4,-13.75,516.75,530.5
81,250.0,16,3,-264.6666666666667,450.6666666666667,715.3333333333334
81,300.0,38,10,-46.4,498.7,545.1
81,350.0,37,17,-71.6470588235294,518.1764705882352,589.8235294117648
81,400.0,17,6,10.166666666666666,565.6666666666666,555.5
81,450.0,6,3,-165.33333333333334,592.3333333333334,757.6666666666666
82,250.0,16,2,69.5,496.0,426.5
82,300.0,31,10,-51.8,507.3,559.1
82,350.0,34,12,-49.916666666666664,494.8333333333333,544.75
82,400.0,25,9,-54.333333333333336,534.6666666666666,589.0
82,450.0,10,7,-102.71428571428571,585.8571428571429,688.5714285714286
82,500.0,2,2,-51.0,614.0,665.0
85,450.0,14,2,-76.5,491.5,568.0
85,500.0,27,3,-15.0,618.6666666666666,633.6666666666666
85,550.0,27,9,-72.66666666666667,740.5555555555555,813.2222222222222
85,600.0,17,3,-99.33333333333333,717.3333333333334,816.6666666666666
85,650.0,11,6,-100.5,779.6666666666666,880.1666666666666
85,700.0,4,3,40.666666666666664,761.3333333333334,720.6666666666666
87,250.0,6,2,3.0,629.0,626.0
87,300.0,7,2,-34.0,653.0,687.0
87,350.0,8,3,-65.33333333333333,595.0,660.3333333333334
87,400.0,15,3,-120.0,667.6666666666666,787.6666666666666
87,450.0,23,8,-82.0,662.5,744.5
87,500.0,24,6,-14.333333333333334,707.6666666666666,722.0
87,550.0,17,5,15.6,713.6,698.0
87,600.0,11,5,-91.0,752.6,843.6
87,650.0,6,3,-1.6666666666666667,824.3333333333334,826.0
88,300.0,9,4,-39.0,481.5,520.5
88,350.0,10,3,-4.666666666666667,559.3333333333334,564.0
88,400.0,11,3,-10.333333333333334,598.3333333333334,608.6666666666666
88,450.0,17,3,-19.0,522.0,541.0
88,500.0,22,6,-85.33333333333333,566.0,651.3333333333334
88,550.0,20,7,-25.428571428571427,747.0,772.4285714285714
88,600.0,13,2,54.5,817.5,763.0
88,650.0,5,2,-1.5,710.5,712.0
89,250.0,14,2,2.0,587.5,585.5
89,300.0,26,6,-17.166666666666668,573.1666666666666,590.3333333333334
89,350.0,27,12,-40.166666666666664,608.9166666666666,649.0833333333334
89,400.0,27,8,-80.875,647.75,728.625
89,450.0,17,9,-7.444444444444445,673.5555555555555,681.0
90,200.0,18,4,-91.25,535.75,627.0
90,250.0,34,12,-37.833333333333336,498.9166666666667,536.75
90,300.0,28,12,-63.5,514.6666666666666,578.1666666666666
90,350.0,16,6,2.1666666666666665,527.6666666666666,525.5
90,400.0,12,4,-119.0,601.75,720.75
90,450.0,4,2,21.0,637.0,616.0
91,300.0,10,3,17.0,675.3333333333334,658.3333333333334
91,350.0,25,3,-55.666666666666664,500.6666666666667,556.3333333333334
91,400.0,31,9,-126.55555555555556,546.8888888888889,673.4444444444445
91,450.0,19,9,-50.22222222222222,520.5555555555555,570.7777777777778
91,500.0,13,4,4.25,580.75,576.5
91,550.0,9,4,-4.75,670.75,675.5
91,600.0,4,2,-101.0,692.0,793.0
92,200.0,18,2,90.5,550.0,459.5
92,250.0,29,8,-26.875,451.125,478.0
92,300.0,30,8,-79.5,454.0,533.5
92,350.0,19,9,-16.333333333333332,515.8888888888889,532.2222222222222
92,450.0,6,3,-108.33333333333333,674.3333333333334,782.6666666666666
94,150.0,15,3,-36.666666666666664,373.6666666666667,410.3333333333333
94,200.0,32,5,-34.2,382.6,416.8
94,250.0,39,12,-25.333333333333332,425.3333333333333,450.6666666666667
94,300.0,22,9,-35.77777777777778,451.77777777777777,487.55555555555554
94,350.0,5,4,7.25,468.0,460.75
96,300.0,16,3,17.0,644.0,627.0
96,350.0,33,7,-5.428571428571429,624.7142857142857,630.1428571428571
96,400.0,35,13,-28.53846153846154,620.2307692307693,648.7692307692307
96,450.0,19,6,28.333333333333332,674.6666666666666,646.3333333333334
96,500.0,8,2,33.5,602.0,568.5
96,550.0,3,2,-70.5,646.5,717.0
97,250.0,27,4,-170.75,488.75,659.5
97,300.0,40,14,-59.0,534.8571428571429,593.8571428571429
97,350.0,29,12,-62.083333333333336,537.8333333333334,599.9166666666666
97,400.0,15,6,2.5,606.3333333333334,603.8333333333334
97,450.0,4,3,-99.0,521.0,620.0
99,250.0,31,4,-68.0,580.5,648.5
99,300.0,40,15,-21.266666666666666,477.53333333333336,498.8
99,350.0,27,11,-83.63636363636364,486.1818181818182,569.8181818181819
99,400.0,11,6,-76.16666666666667,543.0,619.1666666666666
100,200.0,17,2,54.5,690.5,636.0
100,250.0,32,9,-10.333333333333334,648.0,658.3333333333334
100,300.0,29,13,-52.53846153846154,636.4615384615385,689.0
100,350.0,18,8,-45.0,612.875,657.875
100,400.0,13,3,-121.66666666666667,575.3333333333334,697.0
101,350.0,16,4,-102.0,559.75,661.75
101,400.0,23,3,-121.0,525.6666666666666,646.6666666666666
101,450.0,21,6,7.833333333333333,637.1666666666666,629.3333333333334
101,500.0,16,6,-16.166666666666668,719.5,735.6666666666666
101,550.0,17,6,27.833333333333332,780.5,752.6666666666666
101,600.0,12,4,-76.75,719.25,796.0
101,650.0,3,3,-211.0,781.3333333333334,992.3333333333334
102,200.0,45,13,-71.92307692307692,484.53846153846155,556.4615384615385
102,250.0,29,11,-5.545454545454546,471.1818181818182,476.72727272727275
102,300.0,8,3,-186.0,465.0,651.0
103,200.0,17,7,56.57142857142857,563.0,506.42857142857144
103,250.0,23,9,-46.333333333333336,546.2222222222222,592.5555555555555
103,300.0,33,10,-111.7,508.7,620.4
103,350.0,27,10,-76.2,560.2,636.4
103,400.0,10,5,-96.2,480.8,577.0
103,450.0,3,2,-20.0,541.5,561.5
105,200.0,19,7,46.0,478.57142857142856,432.57142857142856
105,250.0,25,6,1.8333333333333333,464.0,462.1666666666667
105,300.0,27,9,-89.33333333333333,460.3333333333333,549.6666666666666
105,350.0,16,5,-56.8,454.0,510.8
105,400.0,7,3,-5.333333333333333,452.6666666666667,458.0
105,550.0,4,2,151.0,713.0,562.0
106,250.0,18,2,-36.0,426.5,462.5
106,300.0,38,7,6.285714285714286,484.0,477.7142857142857
106,350.0,38,14,42.285714285714285,556.1428571428571,513.8571428571429
106,400.0,17,9,-5.666666666666667,561.8888888888889,567.5555555555555
106,450.0,4,2,-10.5,564.5,575.0
107,250.0,22,3,-78.66666666666667,445.0,523.6666666666666
107,300.0,35,12,-151.91666666666666,486.25,638.1666666666666
107,350.0,33,14,-31.0,529.7857142857143,560.7857142857143
107,400.0,19,9,-95.11111111111111,515.1111111111111,610.2222222222222
107,450.0,5,3,100.33333333333333,596.0,495.6666666666667
108,250.0,8,2,-160.5,466.0,626.5
108,350.0,13,2,58.5,586.0,527.5
108,400.0,19,4,-184.25,615.25,799.5
108,450.0,22,5,-114.0,650.2,764.2
108,500.0,13,8,-23.625,700.75,724.375
108,650.0,7,3,-103.66666666666667,712.0,815.6666666666666
108,700.0,6,2,-91.0,652.0,743.0
109,0.0,7,3,100.33333333333333,680.3333333333334,580.0
109,200.0,17,2,124.0,696.0,572.0
109,250.0,23,8,12.875,652.125,639.25
109,300.0,19,6,-50.833333333333336,580.3333333333334,631.1666666666666
109,350.0,12,7,-9.714285714285714,627.0,636.7142857142857
109,400.0,6,2,20.0,571.5,551.5
109,450.0,4,2,-204.0,572.0,776.0
112,250.0,18,4,-114.5,409.0,523.5
112,300.0,32,9,-51.888888888888886,471.0,522.8888888888889
112,350.0,40,14,-66.21428571428571,502.0,568.2142857142857
112,400.0,21,16,5.0,505.8125,500.8125
113,200.0,31,6,24.833333333333332,546.8333333333334,522.0
113,250.0,46,18,-47.77777777777778,504.94444444444446,552.7222222222222
113,300.0,28,15,-56.4,535.0666666666667,591.4666666666667
113,350.0,7,2,72.5,527.5,455.0
114,200.0,17,4,-73.25,418.0,491.25
114,250.0,31,8,-18.625,528.0,546.625
114,300.0,36,10,-13.6,510.8,524.4
114,350.0,22,8,-50.0,580.0,630.0
117,150.0,13,2,75.0,530.0,455.0
117,200.0,27,6,-54.666666666666664,485.5,540.1666666666666
117,250.0,34,13,-17.307692307692307,533.2307692307693,550.5384615384615
117,300.0,22,10,19.3,546.3,527.0
117,350.0,8,3,-28.666666666666668,523.3333333333334,552.0
122,150.0,19,3,175.33333333333334,616.3333333333334,441.0
122,200.0,31,9,-25.555555555555557,442.77777777777777,468.3333333333333
122,250.0,34,14,1.5,500.92857142857144,499.42857142857144
122,300.0,21,7,11.285714285714286,465.2857142857143,454.0
122,350.0,6,2,-112.5,388.0,500.5
123,150.0,16,4,3.0,505.75,502.75
123,200.0,34,6,-27.666666666666668,471.8333333333333,499.5
123,250.0,35,14,-34.42857142857143,481.0,515.4285714285714
123,300.0,16,6,-7.0,465.6666666666667,472.6666666666667
123,350.0,6,2,-19.0,527.0,546.0
123,400.0,5,2,59.0,520.0,461.0
123,450.0,3,3,-3.0,519.6666666666666,522.6666666666666
124,350.0,21,7,-57.285714285714285,639.8571428571429,697.1428571428571
124,400.0,30,5,5.4,680.0,674.6
124,450.0,31,13,-23.53846153846154,701.0,724.5384615384615
124,500.0,18,7,19.714285714285715,798.2857142857143,778.5714285714286
124,550.0,5,3,26.333333333333332,781.6666666666666,755.3333333333334
125,200.0,14,2,-191.5,511.5,703.0
125,250.0,28,6,-57.666666666666664,548.1666666666666,605.8333333333334
125,300.0,35,12,-36.666666666666664,576.0,612.6666666666666
125,350.0,25,14,7.5,581.9285714285714,574.4285714285714
125,400.0,10,2,36.0,535.5,499.5
126,250.0,29,2,-101.0,469.0,570.0
126,300.0,46,12,-14.0,566.8333333333334,580.8333333333334
126,350.0,30,16,-17.0625,571.875,588.9375
126,400.0,9,5,-44.4,568.0,612.4
127,200.0,23,5,-32.6,497.6,530.2
127,250.0,28,9,92.0,677.5555555555555,585.5555555555555
127,300.0,23,6,-129.0,467.3333333333333,596.3333333333334
127,350.0,17,9,-127.55555555555556,524.2222222222222,651.7777777777778
127,450.0,6,3,-52.0,604.3333333333334,656.3333333333334
128,150.0,17,4,6.25,475.5,469.25
128,200.0,32,6,-49.333333333333336,471.6666666666667,521.0
128,250.0,34,17,-53.705882352941174,493.4117647058824,547.1176470588235
128,300.0,20,4,6.75,535.5,528.75
128,350.0,7,3,-94.66666666666667,511.0,605.6666666666666
132,300.0,16,2,-253.0,292.0,545.0
132,350.0,35,6,-35.666666666666664,605.6666666666666,641.3333333333334
132,400.0,37,11,-26.363636363636363,670.1818181818181,696.5454545454545
132,450.0,21,10,-13.0,685.1,698.1
132,500.0,7,4,3.75,695.0,691.25
133,300.0,17,6,-45.666666666666664,497.3333333333333,543.0
133,350.0,22,8,-12.25,534.25,546.5
133,400.0,21,8,80.5,623.0,542.5
133,450.0,19,3,0.6666666666666666,534.3333333333334,533.6666666666666
133,500.0,16,8,-21.75,594.625,616.375
133,550.0,6,6,-66.83333333333333,579.3333333333334,646.1666666666666
134,200.0,10,3,-278.0,500.6666666666667,778.6666666666666
134,250.0,23,4,-76.25,573.5,649.75
134,300.0,28,7,16.0,655.2857142857143,639.2857142857143
134,350.0,20,9,76.22222222222223,572.8888888888889,496.6666666666667
134,400.0,14,6,117.33333333333333,574.0,456.6666666666667
134,450.0,11,4,-24.75,545.75,570.5
134,500.0,4,2,-256.5,561.5,818.0
136,350.0,16,4,-97.5,542.0,639.5
136,400.0,27,8,-61.625,566.125,627.75
136,450.0,31,10,-45.6,608.9,654.5
136,500.0,22,10,-38.4,645.4,683.8
136,550.0,11,6,-83.5,733.3333333333334,816.8333333333334
136,600.0,5,4,-9.75,705.0,714.75
139,300.0,9,4,36.0,596.5,560.5
139,400.0,14,5,-76.6,594.8,671.4
139,450.0,16,5,-62.8,608.8,671.6
139,500.0,25,7,-26.714285714285715,686.2857142857143,713.0
139,550.0,24,10,-161.8,656.4,818.2
139,600.0,11,6,-37.0,693.5,730.5
140,250.0,15,5,-190.4,457.0,647.4
140,300.0,28,4,-53.75,486.5,540.25
140,350.0,36,11,-7.363636363636363,577.7272727272727,585.0909090909091
140,400.0,24,11,-61.36363636363637,576.5454545454545,637.9090909090909
140,450.0,8,7,-26.714285714285715,512.5714285714286,539.2857142857143
141,250.0,37,12,-15.0,575.0833333333334,590.0833333333334
141,300.0,31,14,16.714285714285715,586.1428571428571,569.4285714285714
141,350.0,16,6,18.5,594.6666666666666,576.1666666666666
141,400.0,6,4,49.75,685.5,635.75
142,200.0,13,2,23.0,528.0,505.0
142,250.0,29,7,81.28571428571429,593.5714285714286,512.2857142857143
142,300.0,38,8,-9.125,569.625,578.75
142,350.0,27,13,-77.53846153846153,527.6923076923077,605.2307692307693
142,400.0,9,2,-426.0,512.5,938.5
144,50.0,7,3,46.333333333333336,396.3333333333333,350.0
144,100.0,6,4,39.75,360.0,320.25
144,200.0,31,8,-27.25,403.875,431.125
144,250.0,22,8,-55.5,361.875,417.375
144,300.0,9,3,2.3333333333333335,394.0,391.6666666666667
144,450.0,7,2,-51.0,574.5,625.5
144,500.0,4,2,-37.0,621.0,658.0
146,250.0,18,3,-76.0,434.6666666666667,510.6666666666667
146,300.0,25,5,35.8,500.4,464.6
146,350.0,29,10,-39.9,530.9,570.8
146,400.0,24,6,-68.0,497.5,565.5
146,450.0,8,6,-95.33333333333333,588.8333333333334,684.1666666666666
150,150.0,15,3,-24.666666666666668,434.6666666666667,459.3333333333333
150,200.0,32,8,4.25,448.75,444.5
150,250.0,41,11,36.54545454545455,560.2727272727273,523.7272727272727
150,300.0,23,10,56.0,545.4,489.4
151,200.0,16,3,-4.333333333333333,409.6666666666667,414.0
151,250.0,35,9,-24.555555555555557,453.8888888888889,478.44444444444446
151,300.0,39,14,4.214285714285714,493.64285714285717,489.42857142857144
151,350.0,18,12,-66.16666666666667,471.25,537.4166666666666
154,350.0,19,2,-20.0,571.0,591.0
154,400.0,30,9,-71.11111111111111,572.4444444444445,643.5555555555555
154,450.0,33,16,-67.125,641.0625,708.1875
154,500.0,20,6,-29.833333333333332,653.5,683.3333333333334
154,550.0,6,4,-24.75,667.5,692.25
154,600.0,2,2,98.5,867.5,769.0
156,350.0,15,2,-26.5,621.0,647.5
156,400.0,24,6,-28.5,651.5,680.0
156,450.0,23,10,77.7,768.9,691.2
156,500.0,25,5,-75.0,691.4,766.4
156,550.0,18,10,-7.7,740.1,747.8
158,250.0,20,3,-82.0,474.6666666666667,556.6666666666666
158,300.0,42,9,-118.88888888888889,460.55555555555554,579.4444444444445
158,350.0,30,9,-43.0,474.6666666666667,517.6666666666666
158,400.0,11,3,1.0,490.0,489.0
158,450.0,9,5,27.4,555.4,528.0
160,300.0,26,10,21.8,638.5,616.7
160,350.0,26,10,-19.8,592.2,612.0
160,400.0,24,7,-105.0,605.0,710.0
160,450.0,16,7,-56.0,573.4285714285714,629.4285714285714
160,500.0,5,2,47.5,653.5,606.0
161,300.0,25,7,66.57142857142857,683.1428571428571,616.5714285714286
161,350.0,31,13,-28.615384615384617,566.3076923076923,594.9230769230769
161,400.0,27,10,-85.0,621.3,706.3
161,450.0,15,6,61.333333333333336,678.6666666666666,617.3333333333334
161,500.0,6,3,-111.66666666666667,584.0,695.6666666666666
162,300.0,14,2,-17.0,500.5,517.5
162,350.0,25,8,-76.5,493.5,570.0
162,400.0,31,9,-73.22222222222223,530.6666666666666,603.8888888888889
162,450.0,27,12,-55.666666666666664,563.6666666666666,619.3333333333334
162,500.0,15,6,-2.1666666666666665,660.8333333333334,663.0
162,550.0,4,4,5.5,661.5,656.0
165,250.0,17,2,22.5,647.0,624.5
165,300.0,28,10,2.1,592.5,590.4
165,350.0,32,7,-57.57142857142857,576.0,633.5714285714286
165,400.0,27,11,-24.09090909090909,572.1818181818181,596.2727272727273
165,450.0,11,4,-12.75,581.25,594.0
165,500.0,2,2,31.5,619.5,588.0
167,300.0,14,2,-97.0,511.0,608.0
167,350.0,28,6,-13.833333333333334,649.0,662.8333333333334
167,400.0,36,10,-45.4,612.8,658.2
167,450.0,24,10,-70.5,627.1,697.6
167,500.0,8,6,-21.333333333333332,659.6666666666666,681.0
168,100.0,6,2,22.0,482.5,460.5
168,150.0,12,4,15.5,466.0,450.5
168,200.0,32,6,27.833333333333332,459.3333333333333,431.5
168,250.0,41,14,-23.928571428571427,468.85714285714283,492.7857142857143
168,300.0,22,8,40.375,500.125,459.75
168,350.0,5,4,-18.0,504.25,522.25
171,150.0,25,6,-47.166666666666664,373.3333333333333,420.5
171,200.0,37,8,19.25,441.5,422.25
171,250.0,24,15,-28.333333333333332,450.4,478.73333333333335
171,300.0,6,2,72.5,478.0,405.5
172,150.0,15,3,-151.33333333333334,409.0,560.3333333333334
172,200.0,34,9,-45.0,394.6666666666667,439.6666666666667
172,250.0,41,16,-63.0,392.3125,455.3125
172,300.0,20,7,-33.57142857142857,443.0,476.57142857142856
172,350.0,3,2,37.0,473.5,436.5
173,200.0,19,2,-21.5,464.5,486.0
173,250.0,41,11,-60.54545454545455,468.54545454545456,529.0909090909091
173,300.0,38,11,-37.0,496.45454545454544,533.4545454545455
173,350.0,16,7,-34.142857142857146,515.1428571428571,549.2857142857143
173,400.0,3,2,156.0,639.5,483.5
175,200.0,19,2,12.5,517.0,504.5
175,250.0,43,9,-20.22222222222222,485.55555555555554,505.77777777777777
175,300.0,39,13,-49.38461538461539,505.38461538461536,554.7692307692307
175,350.0,13,9,-48.666666666666664,504.44444444444446,553.1111111111111
177,0.0,10,4,43.0,548.25,505.25
177,50.0,8,3,-14.0,519.3333333333334,533.3333333333334
177,100.0,12,4,150.25,551.5,401.25
177,150.0,23,2,1.0,468.5,467.5
177,200.0,30,7,-31.0,435.7142857142857,466.7142857142857
177,250.0,23,8,4.875,446.0,441.125
177,300.0,11,5,-57.6,484.6,542.2
177,350.0,3,2,-12.0,460.0,472.0
179,200.0,10,2,-98.0,583.5,681.5
179,250.0,18,5,-91.0,514.6,605.6
179,300.0,23,8,-29.375,562.0,591.375
179,350.0,30,9,-54.22222222222222,527.1111111111111,581.3333333333334
179,400.0,26,10,-43.9,549.4,593.3
179,450.0,10,5,-26.8,599.2,626.0
180,250.0,32,7,-31.142857142857142,498.85714285714283,530.0
180,300.0,36,13,-70.3076923076923,516.4615384615385,586.7692307692307
180,350.0,24,10,-72.7,543.7,616.4
180,400.0,9,3,-37.333333333333336,559.3333333333334,596.6666666666666
183,250.0,51,12,-29.833333333333332,524.5833333333334,554.4166666666666
183,300.0,40,20,-9.9,526.8,536.7
183,350.0,8,5,-25.2,610.6,635.8
184,350.0,14,4,-22.25,605.0,627.25
184,400.0,16,3,96.66666666666667,607.6666666666666,511.0
184,450.0,25,5,-98.8,586.4,685.2
184,500.0,28,9,-71.0,651.7777777777778,722.7777777777778
184,550.0,16,4,-80.75,611.75,692.5
184,600.0,8,6,47.166666666666664,725.3333333333334,678.1666666666666
185,0.0,8,4,41.75,547.75,506.0
185,50.0,14,2,-3.0,452.5,455.5
185,100.0,17,4,215.0,679.75,464.75
185,150.0,20,2,-63.5,503.0,566.5
185,200.0,29,11,9.727272727272727,506.72727272727275,497.0
185,250.0,23,8,3.625,488.0,484.375
185,300.0,8,6,-47.0,538.3333333333334,585.3333333333334
186,250.0,16,3,-161.0,520.6666666666666,681.6666666666666
186,300.0,33,6,-84.66666666666667,481.1666666666667,565.8333333333334
186,350.0,34,14,-37.0,490.85714285714283,527.8571428571429
186,400.0,18,9,-25.88888888888889,539.5555555555555,565.4444444444445
186,450.0,8,3,20.666666666666668,524.3333333333334,503.6666666666667
186,500.0,3,2,-6.0,517.0,523.0
188,250.0,6,2,-341.0,515.0,856.0
188,300.0,18,3,86.66666666666667,754.6666666666666,668.0
188,350.0,23,6,-37.0,581.0,618.0
188,400.0,22,4,-174.5,500.5,675.0
188,450.0,22,5,-137.0,581.2,718.2
188,500.0,17,8,-65.375,617.875,683.25
188,550.0,9,4,-195.25,748.5,943.75
189,150.0,33,7,-65.28571428571429,492.7142857142857,558.0
189,200.0,35,8,-31.625,536.5,568.125
189,250.0,23,10,104.3,642.7,538.4
189,300.0,11,4,-138.75,574.25,713.0
190,250.0,19,2,96.0,561.0,465.0
190,300.0,29,7,-20.428571428571427,485.7142857142857,506.14285714285717
190,350.0,24,10,12.9,495.8,482.9
190,400.0,20,6,-47.0,531.8333333333334,578.8333333333334
190,450.0,13,5,-19.4,613.8,633.2
193,150.0,35,10,-5.4,538.0,543.4
193,200.0,42,15,13.066666666666666,545.1333333333333,532.0666666666667
193,250.0,23,11,-9.909090909090908,536.1818181818181,546.0909090909091
195,50.0,4,2,77.5,564.0,486.5
195,100.0,6,2,133.0,610.5,477.5
195,150.0,17,4,-22.5,463.25,485.75
195,200.0,26,7,99.57142857142857,606.4285714285714,506.85714285714283
195,250.0,24,8,-38.75,506.0,544.75
195,300.0,14,10,21.7,543.8,522.1
195,350.0,6,2,-134.5,498.5,633.0
195,400.0,10,3,-21.0,585.0,606.0
195,450.0,9,5,24.0,574.4,550.4
198,300.0,17,2,-176.5,471.0,647.5
198,350.0,39,9,-6.222222222222222,563.5555555555555,569.7777777777778
198,400.0,42,14,-54.857142857142854,536.6428571428571,591.5
198,450.0,17,8,-22.875,551.0,573.875
199,300.0,4,2,-55.5,484.5,540.0
199,550.0,28,8,-11.0,730.5,741.5
199,600.0,31,12,-31.916666666666668,752.0,783.9166666666666
199,650.0,18,10,-39.4,796.1,835.5
199,700.0,6,2,21.0,844.0,823.0
201,100.0,4,2,19.5,570.5,551.0
201,150.0,10,2,-23.5,541.5,565.0
201,200.0,24,3,-65.66666666666667,483.3333333333333,549.0
201,250.0,31,11,36.18181818181818,607.5454545454545,571.3636363636364
201,300.0,25,12,-65.83333333333333,526.5833333333334,592.4166666666666
201,350.0,14,4,-6.5,591.5,598.0
201,400.0,4,2,-52.0,550.0,602.0
202,350.0,18,5,-109.4,459.4,568.8
202,400.0,31,8,-71.125,518.75,589.875
202,450.0,36,14,-65.5,561.8571428571429,627.3571428571429
202,500.0,19,13,-25.46153846153846,597.4615384615385,622.9230769230769
203,250.0,13,3,8.666666666666666,503.6666666666667,495.0
203,300.0,22,5,-167.2,566.0,733.2
203,350.0,26,10,-106.6,560.1,666.7
203,400.0,24,9,-35.666666666666664,581.0,616.6666666666666
203,450.0,18,10,-48.6,578.3,626.9
203,500.0,9,5,-85.2,672.2,757.4
203,550.0,3,2,73.0,681.0,608.0
205,150.0,14,3,-47.333333333333336,418.6666666666667,466.0
205,200.0,29,8,30.25,485.25,455.0
205,250.0,40,15,-49.666666666666664,491.73333333333335,541.4
205,300.0,25,14,-3.142857142857143,478.57142857142856,481.7142857142857
205,350.0,5,4,7.5,497.75,490.25
207,300.0,23,8,-26.0,511.75,537.75
207,350.0,29,7,-14.428571428571429,553.5714285714286,568.0
207,400.0,25,13,-8.692307692307692,572.3846153846154,581.0769230769231
207,450.0,8,4,-25.5,539.5,565.0
208,200.0,12,2,221.0,675.0,454.0
208,250.0,33,9,6.666666666666667,468.3333333333333,461.6666666666667
208,300.0,40,12,-55.583333333333336,482.8333333333333,538.4166666666666
208,350.0,25,12,0.6666666666666666,509.5833333333333,508.9166666666667
208,400.0,8,6,-22.0,529.8333333333334,551.8333333333334
210,200.0,18,5,28.2,523.8,495.6
210,250.0,36,10,4.7,527.9,523.2
210,300.0,36,14,21.071428571428573,522.2857142857143,501.2142857142857
210,350.0,18,8,23.375,501.375,478.0
210,400.0,5,5,-47.6,504.4,552.0
212,0.0,6,2,-38.5,513.5,552.0
212,50.0,3,2,95.5,668.0,572.5
212,250.0,4,2,-226.5,509.0,735.5
212,400.0,10,3,-43.333333333333336,607.6666666666666,651.0
212,500.0,18,7,-1.2857142857142858,750.2857142857143,751.5714285714286
212,550.0,14,7,-196.28571428571428,769.8571428571429,966.1428571428571
212,600.0,10,4,-166.25,767.25,933.5
212,650.0,5,3,0.3333333333333333,617.6666666666666,617.3333333333334
214,250.0,22,6,65.83333333333333,643.0,577.1666666666666
214,300.0,28,9,-29.88888888888889,522.6666666666666,552.5555555555555
214,350.0,31,10,-98.6,559.0,657.6
214,400.0,24,9,-40.77777777777778,589.0,629.7777777777778
214,450.0,7,2,-119.5,586.5,706.0
215,250.0,19,6,52.833333333333336,539.3333333333334,486.5
215,300.0,24,4,-81.75,617.75,699.5
215,350.0,32,13,-48.84615384615385,552.0769230769231,600.9230769230769
215,400.0,23,9,14.0,593.3333333333334,579.3333333333334
215,450.0,9,4,-27.0,620.0,647.0
216,0.0,5,2,90.5,647.0,556.5
216,50.0,7,2,121.5,683.5,562.0
216,100.0,17,2,127.5,615.5,488.0
216,150.0,32,8,-19.875,576.25,596.125
216,200.0,29,14,-9.285714285714286,587.9285714285714,597.2142857142857
216,250.0,18,3,-54.333333333333336,466.0,520.3333333333334
216,300.0,10,5,-106.6,490.6,597.2
216,350.0,2,2,-47.5,541.5,589.0
217,150.0,6,2,-11.5,501.0,512.5
217,200.0,12,2,53.5,528.0,474.5
217,250.0,30,6,17.833333333333332,483.3333333333333,465.5
217,300.0,40,12,-0.16666666666666666,524.0,524.1666666666666
217,350.0,24,14,-22.285714285714285,557.3571428571429,579.6428571428571
217,400.0,6,4,-55.75,527.5,583.25
219,200.0,15,2,-330.5,376.5,707.0
219,250.0,26,8,-99.875,496.0,595.875
219,300.0,27,7,-49.57142857142857,514.7142857142857,564.2857142857143
219,350.0,26,4,-23.5,536.5,560.0
219,400.0,17,4,-64.5,539.0,603.5
219,450.0,5,4,-143.5,504.75,648.25
220,0.0,3,2,238.5,740.0,501.5
220,200.0,12,3,208.33333333333334,715.0,506.6666666666667
220,250.0,21,8,-78.125,472.625,550.75
220,300.0,21,4,1.25,564.75,563.5
220,350.0,16,6,-13.333333333333334,545.8333333333334,559.1666666666666
220,400.0,11,6,-61.666666666666664,560.6666666666666,622.3333333333334
220,450.0,10,3,-2.0,633.3333333333334,635.3333333333334
220,500.0,8,5,33.0,653.8,620.8
221,300.0,27,6,29.833333333333332,569.5,539.6666666666666
221,350.0,33,13,-52.07692307692308,561.5384615384615,613.6153846153846
221,400.0,27,8,-40.75,580.875,621.625
221,450.0,15,9,-23.444444444444443,601.7777777777778,625.2222222222222
222,200.0,33,7,15.142857142857142,500.42857142857144,485.2857142857143
222,250.0,44,16,-42.8125,452.125,494.9375
222,300.0,24,13,41.46153846153846,542.6153846153846,501.15384615384613
222,350.0,6,4,-35.5,501.5,537.0
223,200.0,9,3,-77.66666666666667,498.3333333333333,576.0
223,250.0,20,3,-155.0,509.6666666666667,664.6666666666666
223,300.0,38,9,-70.88888888888889,543.0,613.8888888888889
223,350.0,32,19,-12.0,573.8421052631579,585.8421052631579
223,400.0,10,2,-199.0,594.5,793.5
223,450.0,5,2,-37.0,636.5,673.5
223,500.0,3,2,-67.0,521.5,588.5
226,200.0,7,2,-6.5,518.5,525.0
226,250.0,11,3,-108.33333333333333,410.6666666666667,519.0
226,350.0,22,5,-64.2,481.2,545.4
226,400.0,17,7,-135.71428571428572,465.7142857142857,601.4285714285714
226,450.0,12,6,-14.166666666666666,431.5,445.6666666666667
226,500.0,11,3,138.0,736.6666666666666,598.6666666666666
226,550.0,11,3,-138.0,525.3333333333334,663.3333333333334
227,200.0,23,5,-80.6,450.8,531.4
227,250.0,35,8,-107.125,471.25,578.375
227,300.0,31,9,-42.44444444444444,481.1111111111111,523.5555555555555
227,350.0,18,11,-40.18181818181818,550.5454545454545,590.7272727272727
227,400.0,6,2,39.0,519.0,480.0
228,200.0,15,2,-15.5,400.0,415.5
228,250.0,37,9,-26.22222222222222,496.6666666666667,522.8888888888889
228,300.0,41,15,-69.8,525.1333333333333,594.9333333333333
228,350.0,20,13,-76.07692307692308,551.3076923076923,627.3846153846154
228,400.0,4,3,-97.0,518.3333333333334,615.3333333333334
230,250.0,37,6,-26.333333333333332,478.1666666666667,504.5
230,300.0,43,18,-36.22222222222222,528.2777777777778,564.5
230,350.0,21,10,-14.4,526.9,541.3
230,400.0,8,5,-32.0,557.4,589.4
230,450.0,2,2,-8.0,579.0,587.0
232,200.0,21,7,-82.71428571428571,454.85714285714283,537.5714285714286
232,250.0,30,6,-135.5,421.0,556.5
232,300.0,30,8,-17.625,538.5,556.125
232,350.0,20,11,-24.272727272727273,564.5454545454545,588.8181818181819
232,400.0,7,3,-20.333333333333332,562.3333333333334,582.6666666666666
233,250.0,12,2,-114.0,430.0,544.0
233,300.0,23,8,-119.25,560.875,680.125
233,350.0,27,9,-118.33333333333333,526.4444444444445,644.7777777777778
233,400.0,22,9,-57.888888888888886,580.4444444444445,638.3333333333334
233,450.0,14,5,-65.6,498.4,564.0
233,500.0,8,4,49.0,687.25,638.25
233,550.0,5,2,25.0,656.0,631.0
233,600.0,4,2,-248.0,647.0,895.0
234,150.0,9,3,-76.33333333333333,446.0,522.3333333333334
234,200.0,18,2,-58.0,493.5,551.5
234,250.0,27,8,-125.0,495.375,620.375
234,300.0,24,10,-10.8,570.7,581.5
234,350.0,21,7,-82.14285714285714,511.0,593.1428571428571
234,400.0,13,7,-80.71428571428571,555.1428571428571,635.8571428571429
234,450.0,3,2,-128.0,545.5,673.5
235,350.0,19,6,-92.16666666666667,624.8333333333334,717.0
235,400.0,24,7,-86.42857142857143,748.5714285714286,835.0
235,450.0,22,10,-241.7,687.7,929.4
235,500.0,17,4,5.25,702.25,697.0
235,550.0,13,6,44.0,753.1666666666666,709.1666666666666
235,600.0,8,5,16.0,705.6,689.6
236,200.0,14,3,-19.666666666666668,447.3333333333333,467.0
236,250.0,40,8,16.125,483.25,467.125
236,300.0,42,14,-47.357142857142854,456.64285714285717,504.0
236,350.0,16,8,-9.625,482.125,491.75
236,400.0,3,2,14.0,489.5,475.5
237,100.0,8,2,50.5,469.0,418.5
237,200.0,31,6,-151.0,442.6666666666667,593.6666666666666
237,250.0,38,12,13.583333333333334,494.0,480.4166666666667
237,300.0,21,12,-64.58333333333333,477.8333333333333,542.4166666666666
237,350.0,5,4,-18.0,452.0,470.0
239,150.0,38,2,-117.0,344.5,461.5
239,200.0,52,23,-19.52173913043478,414.7826086956522,434.30434782608694
239,250.0,22,11,17.727272727272727,463.3636363636364,445.6363636363636
240,150.0,30,7,0.42857142857142855,471.0,470.57142857142856
240,200.0,40,12,23.25,440.9166666666667,417.6666666666667
240,250.0,24,11,86.54545454545455,639.0,552.4545454545455
240,300.0,5,2,52.5,475.5,423.0
241,150.0,11,2,17.5,577.5,560.0
241,200.0,26,6,-10.666666666666666,470.8333333333333,481.5
241,250.0,34,14,1.6428571428571428,520.4285714285714,518.7857142857143
241,300.0,20,9,-59.666666666666664,479.44444444444446,539.1111111111111
241,350.0,12,5,101.6,584.4,482.8
241,400.0,10,5,32.4,540.8,508.4
241,450.0,3,2,61.5,527.0,465.5
243,150.0,9,4,198.75,687.5,488.75
243,200.0,9,4,35.0,531.5,496.5
243,250.0,11,4,91.75,573.5,481.75
243,300.0,18,5,-3.2,498.4,501.6
243,350.0,27,7,-30.0,519.1428571428571,549.1428571428571
243,400.0,23,9,-48.888888888888886,530.1111111111111,579.0
243,450.0,10,7,-84.57142857142857,543.8571428571429,628.4285714285714
244,200.0,8,2,115.0,683.5,568.5
244,250.0,21,2,-58.5,517.0,575.5
244,300.0,30,7,-102.28571428571429,542.4285714285714,644.7142857142857
244,350.0,28,12,-41.416666666666664,556.0,597.4166666666666
244,400.0,20,8,38.375,622.875,584.5
244,450.0,9,6,-4.333333333333333,636.1666666666666,640.5
245,200.0,11,3,-150.33333333333334,691.0,841.3333333333334
245,250.0,21,4,5.0,616.75,611.75
245,300.0,30,10,8.9,565.4,556.5
245,350.0,26,7,-6.285714285714286,568.0,574.2857142857143
245,400.0,16,6,138.83333333333334,695.8333333333334,557.0
245,450.0,4,4,-16.25,600.75,617.0
246,250.0,34,9,-40.333333333333336,505.55555555555554,545.8888888888889
246,300.0,34,14,-28.071428571428573,542.3571428571429,570.4285714285714
246,350.0,20,8,-41.0,552.5,593.5
246,400.0,11,4,-29.5,636.75,666.25
246,450.0,4,2,64.5,653.0,588.5
247,0.0,27,16,39.4375,801.125,761.6875
247,50.0,10,2,-82.0,882.0,964.0
247,100.0,7,2,302.0,921.0,619.0
247,200.0,6,2,440.5,1056.0,615.5
247,400.0,7,3,323.0,1013.6666666666666,690.6666666666666
247,450.0,6,2,-100.0,680.5,780.5
247,500.0,6,2,-209.0,692.0,901.0
247,650.0,4,2,-194.5,818.0,1012.5
251,200.0,3,2,-19.5,451.5,471.0
251,350.0,6,3,40.333333333333336,564.6666666666666,524.3333333333334
251,400.0,6,2,-14.5,582.0,596.5
251,450.0,6,2,-25.0,621.0,646.0
251,500.0,11,2,-65.5,643.5,709.0
251,550.0,17,4,7.25,627.75,620.5
251,600.0,14,5,-268.6,641.8,910.4
251,700.0,10,4,51.75,777.25,725.5
251,750.0,10,4,-37.0,602.75,639.75
252,200.0,26,6,23.166666666666668,425.1666666666667,402.0
252,250.0,42,9,-65.33333333333333,425.3333333333333,490.6666666666667
252,300.0,33,15,-11.666666666666666,464.73333333333335,476.4
252,350.0,10,7,3.857142857142857,494.7142857142857,490.85714285714283
254,350.0,27,9,-112.66666666666667,526.4444444444445,639.1111111111111
254,400.0,25,10,-22.7,604.1,626.8
254,450.0,18,5,-42.6,604.4,647.0
254,500.0,16,5,-92.6,631.6,724.2
254,550.0,11,6,-136.0,641.3333333333334,777.3333333333334
254,600.0,5,3,-94.66666666666667,674.6666666666666,769.3333333333334
256,250.0,22,6,-99.83333333333333,509.8333333333333,609.6666666666666
256,300.0,35,12,-86.66666666666667,495.0833333333333,581.75
256,350.0,30,13,18.307692307692307,539.0,520.6923076923077
256,400.0,12,6,-85.66666666666667,480.0,565.6666666666666
257,400.0,20,4,-97.25,585.75,683.0
257,450.0,32,11,-188.27272727272728,605.2727272727273,793.5454545454545
257,500.0,29,8,-63.0,711.75,774.75
257,550.0,18,6,-59.666666666666664,708.0,767.6666666666666
257,600.0,8,6,-21.833333333333332,718.5,740.3333333333334
259,200.0,21,3,12.333333333333334,548.0,535.6666666666666
259,250.0,41,12,-18.416666666666668,551.3333333333334,569.75
259,300.0,36,17,-30.0,556.5294117647059,586.5294117647059
259,350.0,12,7,-9.285714285714286,603.1428571428571,612.4285714285714
260,250.0,10,2,-249.5,429.0,678.5
260,300.0,23,5,52.2,515.0,462.8
260,350.0,36,11,-11.818181818181818,517.2727272727273,529.0909090909091
260,400.0,31,13,-179.76923076923077,473.2307692307692,653.0
260,450.0,13,5,-27.2,517.4,544.6
260,500.0,4,2,-130.5,474.0,604.5
266,300.0,13,5,-34.8,574.4,609.2
266,350.0,14,4,-26.5,527.75,554.25
266,400.0,20,7,-35.285714285714285,601.4285714285714,636.7142857142857
266,450.0,28,6,-112.16666666666667,581.5,693.6666666666666
266,500.0,26,10,7.2,650.0,642.8
266,550.0,10,5,-21.8,650.2,672.0
268,250.0,18,4,241.5,825.75,584.25
268,300.0,23,6,-73.83333333333333,525.8333333333334,599.6666666666666
268,350.0,23,7,-47.714285714285715,530.2857142857143,578.0
268,400.0,21,7,-117.57142857142857,530.5714285714286,648.1428571428571
268,450.0,18,7,-208.42857142857142,568.2857142857143,776.7142857142857
268,500.0,9,6,-3.5,614.3333333333334,617.8333333333334
270,350.0,7,2,-53.5,511.0,564.5
270,400.0,12,2,-185.5,600.0,785.5
270,450.0,29,7,-43.714285714285715,611.7142857142857,655.4285714285714
270,500.0,36,13,-26.692307692307693,680.3076923076923,707.0
270,550.0,22,10,-75.3,700.9,776.2
270,600.0,7,5,-18.2,746.4,764.6
271,150.0,11,4,109.5,498.25,388.75
271,200.0,24,4,31.0,463.5,432.5
271,250.0,30,12,-29.25,413.75,443.0
271,300.0,20,6,-24.833333333333332,452.0,476.8333333333333
271,350.0,12,3,-87.0,468.3333333333333,555.3333333333334
271,500.0,6,2,-48.0,651.5,699.5
271,550.0,3,2,2.5,594.0,591.5
273,250.0,11,2,-91.5,586.5,678.0
273,300.0,33,7,43.714285714285715,720.2857142857143,676.5714285714286
273,350.0,47,16,14.0,676.75,662.75
273,400.0,24,14,-30.5,685.0714285714286,715.5714285714286
274,300.0,18,3,-36.666666666666664,625.0,661.6666666666666
274,350.0,35,10,-109.9,560.3,670.2
274,400.0,37,14,-60.92857142857143,597.2857142857143,658.2142857142857
274,450.0,18,6,28.833333333333332,631.1666666666666,602.3333333333334
276,350.0,28,7,-85.42857142857143,480.57142857142856,566.0
276,400.0,27,9,-25.333333333333332,571.7777777777778,597.1111111111111
276,450.0,19,6,-75.0,530.5,605.5
276,500.0,13,5,14.6,560.4,545.8
276,550.0,7,5,-43.4,587.2,630.6
276,600.0,3,2,8.0,709.5,701.5
278,150.0,5,2,95.0,541.5,446.5
278,200.0,19,3,71.33333333333333,456.3333333333333,385.0
278,250.0,33,8,-53.0,445.5,498.5
278,300.0,34,12,-3.8333333333333335,496.0833333333333,499.9166666666667
278,350.0,21,14,-27.428571428571427,501.2857142857143,528.7142857142857
278,400.0,5,3,31.666666666666668,510.0,478.3333333333333
280,300.0,29,8,25.125,587.375,562.25
280,350.0,40,11,-51.0,530.7272727272727,581.7272727272727
280,400.0,26,14,-8.357142857142858,621.8571428571429,630.2142857142857
280,450.0,5,2,-65.0,549.0,614.0
282,200.0,22,3,-154.33333333333334,404.3333333333333,558.6666666666666
282,250.0,37,10,-2.2,507.8,510.0
282,300.0,34,11,-73.9090909090909,461.3636363636364,535.2727272727273
282,350.0,16,6,-19.833333333333332,545.6666666666666,565.5
282,400.0,3,2,65.0,637.5,572.5
283,250.0,29,4,-94.0,509.0,603.0
283,300.0,47,12,-43.083333333333336,545.0,588.0833333333334
283,350.0,30,15,-46.8,568.8666666666667,615.6666666666666
283,400.0,7,3,-15.333333333333334,588.0,603.3333333333334
284,250.0,32,9,80.33333333333333,672.6666666666666,592.3333333333334
284,300.0,29,8,54.125,748.25,694.125
284,350.0,19,13,-142.6153846153846,616.4615384615385,759.0769230769231
284,400.0,7,3,-37.333333333333336,576.0,613.3333333333334
285,450.0,25,8,-16.25,686.875,703.125
285,500.0,25,9,-60.22222222222222,670.6666666666666,730.8888888888889
285,550.0,14,6,23.0,727.8333333333334,704.8333333333334
285,600.0,9,5,131.4,750.4,619.0
288,150.0,19,5,62.6,447.4,384.8
288,200.0,42,8,-33.375,377.375,410.75
288,250.0,40,19,-23.63157894736842,406.6842105263158,430.3157894736842
288,300.0,12,7,-32.142857142857146,397.57142857142856,429.7142857142857
292,200.0,38,7,-3.142857142857143,490.14285714285717,493.2857142857143
292,250.0,40,17,2.9411764705882355,517.7058823529412,514.7647058823529
292,300.0,21,11,-41.54545454545455,481.90909090909093,523.4545454545455
292,350.0,5,5,-69.2,536.8,606.0
293,0.0,16,6,-108.0,293.3333333333333,401.3333333333333
293,50.0,23,3,-90.66666666666667,304.3333333333333,395.0
293,100.0,28,5,42.8,398.4,355.6
293,150.0,18,10,-13.0,393.2,406.2
293,200.0,7,3,30.0,483.3333333333333,453.3333333333333
293,550.0,4,2,-16.0,575.5,591.5
294,200.0,21,6,40.333333333333336,458.6666666666667,418.3333333333333
294,250.0,29,11,-97.9090909090909,436.27272727272725,534.1818181818181
294,300.0,25,11,-45.90909090909091,483.1818181818182,529.0909090909091
294,350.0,16,8,-98.375,481.125,579.5
294,400.0,8,2,-31.0,520.0,551.0
294,450.0,7,2,-52.5,575.5,628.0
294,500.0,5,2,59.5,648.5,589.0
295,250.0,9,4,-388.75,490.0,878.75
295,300.0,15,2,-95.0,430.5,525.5
295,350.0,26,4,-143.75,502.25,646.0
295,400.0,32,11,-59.54545454545455,554.9090909090909,614.4545454545455
295,450.0,22,8,-67.0,565.5,632.5
295,500.0,8,4,-153.75,615.0,768.75
296,200.0,17,5,12.6,561.2,548.6
296,250.0,19,9,39.333333333333336,525.7777777777778,486.44444444444446
296,300.0,15,6,-30.0,488.0,518.0
296,350.0,11,4,45.75,545.25,499.5
296,400.0,12,2,7.0,506.0,499.0
296,450.0,14,2,-204.5,505.5,710.0
296,500.0,13,6,45.333333333333336,578.5,533.1666666666666
296,550.0,7,3,-127.33333333333333,578.3333333333334,705.6666666666666
297,150.0,9,2,80.0,548.0,468.0
297,200.0,15,5,6.8,492.2,485.4
297,250.0,17,9,1.8888888888888888,489.22222222222223,487.3333333333333
297,300.0,14,2,62.0,571.5,509.5
297,350.0,14,3,22.333333333333332,514.3333333333334,492.0
297,400.0,15,6,-33.0,493.6666666666667,526.6666666666666
297,450.0,14,5,-135.8,580.2,716.0
297,500.0,11,3,-75.33333333333333,621.3333333333334,696.6666666666666
297,550.0,5,3,-326.3333333333333,716.0,1042.3333333333333
298,250.0,41,9,6.333333333333333,527.7777777777778,521.4444444444445
298,300.0,41,14,-26.142857142857142,515.1428571428571,541.2857142857143
298,350.0,18,11,-35.81818181818182,534.6363636363636,570.4545454545455
299,350.0,14,4,-165.75,728.25,894.0
299,400.0,19,5,-198.8,719.8,918.6
299,450.0,24,9,-7.555555555555555,867.7777777777778,875.3333333333334
299,500.0,28,5,16.0,855.0,839.0
299,550.0,20,11,-243.63636363636363,731.7272727272727,975.3636363636364
299,600.0,6,4,-40.75,821.0,861.75
301,350.0,11,4,-27.0,540.0,567.0
301,400.0,12,2,-108.5,509.5,618.0
301,450.0,16,6,-95.0,561.0,656.0
301,500.0,22,6,-118.83333333333333,612.0,730.8333333333334
301,550.0,24,9,-54.55555555555556,705.0,759.5555555555555
301,600.0,17,6,-45.666666666666664,682.8333333333334,728.5
301,650.0,8,5,-123.6,681.8,805.4
301,700.0,2,2,-75.5,766.0,841.5
302,200.0,18,4,-7.25,516.0,523.25
302,250.0,31,8,-86.625,494.125,580.75
302,300.0,27,12,-37.5,543.0833333333334,580.5833333333334
302,350.0,15,4,-80.5,584.5,665.0
302,400.0,13,5,-63.0,546.8,609.8
302,450.0,8,3,-164.33333333333334,564.0,728.3333333333334
304,300.0,15,4,-207.5,543.0,750.5
304,350.0,21,7,-5.428571428571429,616.0,621.4285714285714
304,400.0,26,7,-83.42857142857143,592.5714285714286,676.0
304,450.0,24,11,33.36363636363637,689.7272727272727,656.3636363636364
304,500.0,14,9,14.11111111111111,719.0,704.8888888888889
305,200.0,19,2,35.0,545.0,510.0
305,250.0,32,10,-60.4,505.8,566.2
305,300.0,30,7,-50.285714285714285,491.2857142857143,541.5714285714286
305,350.0,21,12,-35.333333333333336,599.5,634.8333333333334
305,400.0,9,5,9.8,626.8,617.0
305,450.0,3,2,-116.0,525.5,641.5
307,250.0,55,17,-70.52941176470588,439.29411764705884,509.8235294117647
307,300.0,30,18,-26.38888888888889,468.3888888888889,494.77777777777777
309,0.0,23,14,-8.071428571428571,672.5,680.5714285714286
309,200.0,6,2,150.0,664.5,514.5
309,400.0,5,2,-31.0,545.0,576.0
309,450.0,6,2,39.5,683.5,644.0
309,500.0,6,2,155.0,698.0,543.0
309,550.0,5,2,-22.0,647.5,669.5
309,650.0,6,3,-243.0,651.0,894.0
309,700.0,3,2,37.0,790.0,753.0
311,150.0,15,2,-56.0,440.5,496.5
311,200.0,32,6,-19.0,487.6666666666667,506.6666666666667
311,250.0,39,16,3.5625,505.5,501.9375
311,300.0,24,12,-103.66666666666667,513.5833333333334,617.25
313,200.0,22,5,-42.0,506.8,548.8
313,250.0,35,9,-33.77777777777778,549.0,582.7777777777778
313,300.0,34,11,-48.18181818181818,567.9090909090909,616.0909090909091
313,350.0,18,9,-60.888888888888886,691.1111111111111,752.0
314,150.0,17,2,32.0,496.0,464.0
314,200.0,31,11,-1.4545454545454546,523.9090909090909,525.3636363636364
314,250.0,31,12,-11.5,522.3333333333334,533.8333333333334
314,300.0,18,8,-27.25,495.625,522.875
314,350.0,7,4,-17.0,474.25,491.25
314,450.0,4,3,-56.666666666666664,536.6666666666666,593.3333333333334
317,200.0,19,3,62.666666666666664,771.0,708.3333333333334
317,250.0,28,9,-82.22222222222223,591.1111111111111,673.3333333333334
317,300.0,21,8,-55.625,646.75,702.375
317,350.0,14,5,31.0,633.6,602.6
317,400.0,7,5,-135.8,541.6,677.4
323,250.0,20,3,-8.0,555.3333333333334,563.3333333333334
323,300.0,32,9,-70.22222222222223,464.44444444444446,534.6666666666666
323,350.0,32,12,-119.08333333333333,497.9166666666667,617.0
323,400.0,22,10,-104.8,517.8,622.6
323,450.0,8,3,-51.333333333333336,529.0,580.3333333333334
323,500.0,2,2,-48.5,534.5,583.0
324,300.0,21,4,-26.5,518.0,544.5
324,350.0,33,10,-16.0,536.8,552.8
324,400.0,31,9,-43.111111111111114,551.0,594.1111111111111
324,450.0,14,7,-15.142857142857142,584.7142857142857,599.8571428571429
325,300.0,12,5,-144.4,505.6,650.0
325,350.0,10,2,70.5,594.0,523.5
325,400.0,21,3,-87.66666666666667,551.3333333333334,639.0
325,450.0,27,12,-12.5,590.1666666666666,602.6666666666666
325,500.0,19,8,-176.625,599.375,776.0
325,550.0,12,7,-38.285714285714285,677.1428571428571,715.4285714285714
325,600.0,5,3,43.666666666666664,637.0,593.3333333333334
327,200.0,5,2,-176.0,402.0,578.0
327,300.0,42,12,-40.583333333333336,493.3333333333333,533.9166666666666
327,350.0,31,12,-238.75,431.3333333333333,670.0833333333334
327,400.0,12,3,-109.33333333333333,467.0,576.3333333333334
327,450.0,4,3,-219.33333333333334,508.3333333333333,727.6666666666666
328,200.0,8,2,-28.0,479.0,507.0
328,250.0,27,5,94.0,617.6,523.6
328,300.0,34,8,5.25,547.875,542.625
328,350.0,22,11,-17.0,541.5454545454545,558.5454545454545
328,400.0,15,3,-62.333333333333336,529.3333333333334,591.6666666666666
328,450.0,8,3,18.0,537.6666666666666,519.6666666666666
330,300.0,21,3,-100.66666666666667,507.3333333333333,608.0
330,350.0,30,8,-92.0,562.375,654.375
330,400.0,26,6,-39.166666666666664,590.6666666666666,629.8333333333334
330,450.0,14,8,-33.25,580.375,613.625
330,500.0,7,3,-63.0,585.0,648.0
330,550.0,3,2,-50.0,704.0,754.0
333,200.0,12,2,-7.0,471.5,478.5
333,250.0,34,5,-98.0,434.2,532.2
333,300.0,43,16,-20.875,519.25,540.125
333,350.0,21,12,-37.25,531.5833333333334,568.8333333333334
333,400.0,4,2,-61.5,523.0,584.5
334,200.0,16,2,140.0,610.0,470.0
334,250.0,35,6,-124.83333333333333,431.5,556.3333333333334
334,300.0,35,14,-90.71428571428571,462.2857142857143,553.0
334,350.0,19,7,14.857142857142858,507.85714285714283,493.0
334,400.0,8,4,89.75,596.75,507.0
335,300.0,35,10,-164.4,474.1,638.5
335,350.0,37,11,-12.545454545454545,547.9090909090909,560.4545454545455
335,400.0,22,11,-37.54545454545455,493.1818181818182,530.7272727272727
335,450.0,5,3,-34.333333333333336,494.6666666666667,529.0
336,150.0,15,2,123.0,553.0,430.0
336,200.0,32,9,-43.55555555555556,432.77777777777777,476.3333333333333
336,250.0,37,13,-6.538461538461538,493.15384615384613,499.6923076923077
336,300.0,21,9,-110.33333333333333,446.8888888888889,557.2222222222222
336,350.0,7,3,-70.66666666666667,401.3333333333333,472.0
338,150.0,15,3,-96.66666666666667,416.0,512.6666666666666
338,200.0,27,7,0.8571428571428571,505.85714285714283,505.0
338,250.0,34,9,-73.44444444444444,483.22222222222223,556.6666666666666
338,300.0,28,9,-21.555555555555557,517.5555555555555,539.1111111111111
338,350.0,10,6,-37.833333333333336,503.6666666666667,541.5
340,200.0,15,2,-198.0,604.5,802.5
340,250.0,21,9,-6.111111111111111,649.7777777777778,655.8888888888889
340,300.0,20,7,6.428571428571429,636.5714285714286,630.1428571428571
340,350.0,21,5,-63.8,598.4,662.2
340,400.0,23,7,-65.85714285714286,581.7142857142857,647.5714285714286
340,450.0,13,7,-121.28571428571429,593.8571428571429,715.1428571428571
342,200.0,14,2,-37.0,491.0,528.0
342,250.0,36,6,-23.5,546.6666666666666,570.1666666666666
342,300.0,42,16,-35.0,511.0625,546.0625
342,350.0,21,11,3.1818181818181817,507.8181818181818,504.6363636363636
343,200.0,26,6,49.333333333333336,487.1666666666667,437.8333333333333
343,250.0,33,9,9.88888888888889,489.22222222222223,479.3333333333333
343,300.0,29,11,13.454545454545455,505.45454545454544,492.0
343,350.0,13,7,-21.571428571428573,497.7142857142857,519.2857142857143
343,400.0,4,2,6.0,495.0,489.0
345,0.0,15,10,58.8,550.0,491.2
345,200.0,7,2,-13.0,477.5,490.5
345,250.0,13,2,-58.0,481.0,539.0
345,300.0,13,5,-37.8,501.0,538.8
345,350.0,12,2,-79.0,482.0,561.0
345,400.0,15,2,-100.0,508.5,608.5
345,450.0,16,4,-85.0,599.5,684.5
345,500.0,12,4,-141.5,658.0,799.5
345,550.0,5,4,-186.5,630.0,816.5
346,100.0,11,2,100.0,513.5,413.5
346,150.0,21,7,-178.0,507.57142857142856,685.5714285714286
346,200.0,36,7,28.142857142857142,619.0,590.8571428571429
346,250.0,34,18,26.77777777777778,535.1111111111111,508.3333333333333
346,300.0,12,5,104.0,625.6,521.6
349,300.0,20,6,-162.0,498.1666666666667,660.1666666666666
349,350.0,25,7,-96.0,516.5714285714286,612.5714285714286
349,400.0,21,6,-124.0,492.1666666666667,616.1666666666666
349,450.0,16,5,-19.4,592.0,611.4
349,500.0,12,4,-149.25,581.25,730.5
349,550.0,5,2,-40.0,499.0,539.0
350,200.0,30,6,-21.333333333333332,583.0,604.3333333333334
350,250.0,41,12,-149.16666666666666,517.4166666666666,666.5833333333334
350,300.0,27,9,-113.66666666666667,513.2222222222222,626.8888888888889
350,350.0,5,2,-167.0,448.0,615.0
354,200.0,20,5,-78.2,567.0,645.2
354,250.0,29,9,-129.33333333333334,528.8888888888889,658.2222222222222
354,300.0,25,11,4.2727272727272725,538.7272727272727,534.4545454545455
354,350.0,14,6,-56.333333333333336,520.3333333333334,576.6666666666666
354,400.0,11,4,20.75,547.0,526.25
354,450.0,7,3,-279.6666666666667,530.6666666666666,810.3333333333334
355,400.0,12,4,-129.0,577.75,706.75
355,450.0,14,4,-136.5,592.5,729.0
355,500.0,21,5,-13.8,665.8,679.6
355,550.0,21,9,-104.11111111111111,695.6666666666666,799.7777777777778
355,600.0,16,5,10.4,737.0,726.6
355,650.0,11,7,-105.28571428571429,722.2857142857143,827.5714285714286
355,700.0,6,4,-132.25,847.75,980.0
355,750.0,2,2,-47.0,853.0,900.0
357,250.0,28,8,63.625,611.125,547.5
357,300.0,36,11,43.81818181818182,552.0,508.1818181818182
357,350.0,26,12,-26.416666666666668,546.5,572.9166666666666
357,400.0,12,7,-26.142857142857142,528.4285714285714,554.5714285714286
357,450.0,5,4,27.25,579.0,551.75
358,100.0,6,2,15.5,435.0,419.5
358,150.0,22,2,28.5,473.5,445.0
358,200.0,36,11,-68.0909090909091,446.1818181818182,514.2727272727273
358,250.0,29,13,-15.307692307692308,467.0769230769231,482.38461538461536
358,300.0,17,3,-41.666666666666664,443.3333333333333,485.0
358,350.0,7,4,4.75,562.0,557.25
360,350.0,21,5,-102.8,516.6,619.4
360,400.0,31,5,-42.0,572.6,614.6
360,450.0,28,14,-59.357142857142854,607.5714285714286,666.9285714285714
360,500.0,19,9,-41.55555555555556,656.7777777777778,698.3333333333334
360,550.0,8,6,-102.83333333333333,676.8333333333334,779.6666666666666
362,200.0,7,2,-84.5,391.0,475.5
362,250.0,11,4,-80.5,393.75,474.25
362,300.0,17,5,6.2,466.4,460.2
362,350.0,29,8,-91.125,488.0,579.125
362,400.0,31,9,-23.0,558.2222222222222,581.2222222222222
362,450.0,16,7,-64.28571428571429,590.5714285714286,654.8571428571429
362,500.0,5,3,-62.666666666666664,559.0,621.6666666666666
363,300.0,40,10,-18.7,548.0,566.7
363,350.0,40,18,-24.77777777777778,572.4444444444445,597.2222222222222
363,400.0,18,7,-50.0,579.5714285714286,629.5714285714286
363,450.0,3,2,-242.5,665.5,908.0
364,500.0,8,2,-131.0,622.5,753.5
364,550.0,13,2,-231.5,603.5,835.0
364,650.0,10,2,194.0,767.0,573.0
364,700.0,14,4,-96.25,714.0,810.25
364,750.0,19,8,-194.0,795.0,989.0
365,250.0,15,2,-21.5,439.0,460.5
365,300.0,22,8,-51.5,533.0,584.5
365,350.0,30,7,-49.0,512.8571428571429,561.8571428571429
365,400.0,29,10,-76.5,525.4,601.9
365,450.0,14,8,-45.875,564.0,609.875
365,500.0,2,2,-37.0,613.0,650.0
368,300.0,26,8,-40.625,461.875,502.5
368,350.0,30,10,-7.0,525.7,532.7
368,400.0,24,6,-40.666666666666664,599.3333333333334,640.0
368,450.0,15,8,-16.0,545.375,561.375
368,500.0,7,5,32.4,631.8,599.4
369,200.0,15,3,30.0,553.6666666666666,523.6666666666666
369,250.0,35,9,-71.66666666666667,498.6666666666667,570.3333333333334
369,300.0,36,11,-54.45454545454545,527.6363636363636,582.0909090909091
369,350.0,22,9,-96.0,572.3333333333334,668.3333333333334
369,400.0,9,5,-25.6,563.0,588.6
375,350.0,11,2,353.0,1091.5,738.5
375,400.0,25,3,-25.0,588.0,613.0
375,450.0,40,12,-26.666666666666668,651.5,678.1666666666666
375,500.0,28,15,-48.666666666666664,684.9333333333333,733.6
375,550.0,8,2,52.5,708.5,656.0
376,250.0,14,2,65.5,616.0,550.5
376,300.0,19,4,-46.75,526.0,572.75
376,350.0,18,4,-36.0,578.25,614.25
376,400.0,15,8,1.375,606.75,605.375
376,450.0,10,5,-23.0,613.6,636.6
376,550.0,8,2,-194.0,521.0,715.0
376,600.0,6,2,-226.0,583.0,809.0
376,650.0,3,2,-84.0,540.5,624.5
377,150.0,13,3,-71.33333333333333,366.3333333333333,437.6666666666667
377,200.0,43,6,42.5,507.3333333333333,464.8333333333333
377,250.0,45,17,-17.88235294117647,457.3529411764706,475.2352941176471
377,300.0,13,11,-105.63636363636364,429.8181818181818,535.4545454545455
383,200.0,21,5,-27.4,535.0,562.4
383,250.0,29,14,-23.714285714285715,533.1428571428571,556.8571428571429
383,300.0,27,9,-60.55555555555556,493.6666666666667,554.2222222222222
383,350.0,17,7,-53.57142857142857,558.1428571428571,611.7142857142857
383,400.0,5,2,49.0,642.5,593.5
384,350.0,18,5,-46.6,590.6,637.2
384,400.0,30,7,-50.42857142857143,630.5714285714286,681.0
384,450.0,23,11,70.0,677.6363636363636,607.6363636363636
384,500.0,9,5,-52.2,610.2,662.4
384,550.0,8,2,-142.0,707.5,849.5
384,650.0,5,2,-45.0,468.5,513.5
384,750.0,3,2,235.0,842.5,607.5
386,0.0,10,6,178.66666666666666,837.5,658.8333333333334
386,50.0,4,2,274.0,904.0,630.0
386,300.0,25,5,-17.6,642.2,659.8
386,350.0,26,11,-14.818181818181818,628.7272727272727,643.5454545454545
386,400.0,17,8,60.0,689.125,629.125
386,450.0,11,5,38.0,722.8,684.8
386,500.0,4,2,-19.5,613.0,632.5
387,150.0,7,2,71.0,575.0,504.0
387,200.0,11,3,-62.666666666666664,419.6666666666667,482.3333333333333
387,250.0,28,6,-40.166666666666664,543.5,583.6666666666666
387,300.0,42,16,-18.5625,558.0625,576.625
387,350.0,25,16,-41.5625,551.625,593.1875
387,400.0,4,2,-33.0,543.5,576.5
388,0.0,5,2,-49.0,509.0,558.0
388,100.0,15,3,51.666666666666664,483.0,431.3333333333333
388,150.0,32,10,-49.2,505.1,554.3
388,200.0,36,15,14.133333333333333,535.1333333333333,521.0
388,250.0,21,11,-4.818181818181818,512.1818181818181,517.0
388,300.0,5,3,34.333333333333336,513.0,478.6666666666667
389,300.0,43,9,-15.444444444444445,517.8888888888889,533.3333333333334
389,350.0,36,18,-51.0,536.7222222222222,587.7222222222222
389,400.0,13,8,-14.25,556.0,570.25
390,200.0,25,4,20.75,460.5,439.75
390,250.0,36,12,-87.75,458.5,546.25
390,300.0,29,12,-94.16666666666667,486.0,580.1666666666666
390,350.0,14,7,-101.0,501.57142857142856,602.5714285714286
390,450.0,3,3,-56.0,561.6666666666666,617.6666666666666
394,200.0,28,4,29.25,528.0,498.75
394,250.0,42,14,-17.071428571428573,566.0714285714286,583.1428571428571
394,300.0,23,12,-60.75,549.3333333333334,610.0833333333334
394,350.0,10,2,51.5,571.5,520.0
394,400.0,7,4,-55.75,682.75,738.5
396,0.0,30,8,95.0,493.5,398.5
396,50.0,35,7,85.42857142857143,456.14285714285717,370.7142857142857
396,100.0,33,11,-19.727272727272727,417.1818181818182,436.90909090909093
396,150.0,17,9,8.333333333333334,410.8888888888889,402.55555555555554
396,200.0,4,3,19.0,446.0,427.0
397,250.0,14,4,-39.25,468.5,507.75
397,300.0,21,5,40.0,504.2,464.2
397,350.0,23,9,-54.888888888888886,477.44444444444446,532.3333333333334
397,400.0,26,6,-80.16666666666667,495.5,575.6666666666666
397,450.0,22,9,-77.88888888888889,535.5555555555555,613.4444444444445
397,500.0,8,2,-47.5,494.0,541.5
398,150.0,8,2,-2.0,445.5,447.5
398,200.0,29,3,-84.33333333333333,434.0,518.3333333333334
398,250.0,41,18,-65.44444444444444,468.1111111111111,533.5555555555555
398,300.0,27,12,-10.333333333333334,476.6666666666667,487.0
398,350.0,10,6,-24.166666666666668,508.1666666666667,532.3333333333334
399,250.0,18,3,-70.66666666666667,588.3333333333334,659.0
399,300.0,33,10,-69.5,594.5,664.0
399,350.0,35,12,-3.0833333333333335,625.0833333333334,628.1666666666666
399,400.0,22,11,-20.363636363636363,655.6363636363636,676.0
399,450.0,7,3,46.333333333333336,689.3333333333334,643.0
400,350.0,15,2,-44.0,526.0,570.0
400,400.0,40,9,-83.33333333333333,561.6666666666666,645.0
400,450.0,40,15,-6.466666666666667,605.6,612.0666666666667
400,500.0,15,8,-33.375,637.125,670.5
400,550.0,3,2,-3.0,601.0,604.0
403,250.0,21,3,7.0,524.0,517.0
403,300.0,36,6,-16.0,498.8333333333333,514.8333333333334
403,350.0,37,12,-31.083333333333332,502.6666666666667,533.75
403,400.0,19,11,12.636363636363637,572.1818181818181,559.5454545454545
405,200.0,30,6,-94.83333333333333,480.8333333333333,575.6666666666666
405,250.0,43,14,-84.14285714285714,494.7142857142857,578.8571428571429
405,300.0,27,14,-10.785714285714286,567.2142857142857,578.0
405,350.0,7,6,32.333333333333336,562.3333333333334,530.0
406,200.0,36,2,39.5,451.5,412.0
406,250.0,47,21,-30.047619047619047,475.42857142857144,505.4761904761905
406,300.0,21,10,-48.7,497.1,545.8
406,350.0,6,3,-16.333333333333332,461.6666666666667,478.0
407,0.0,12,3,149.66666666666666,688.3333333333334,538.6666666666666
407,50.0,6,3,119.33333333333333,617.3333333333334,498.0
407,150.0,6,2,289.0,816.0,527.0
407,200.0,12,2,423.0,1010.0,587.0
407,250.0,23,5,-17.4,498.8,516.2
407,300.0,27,8,-39.625,511.5,551.125
407,350.0,18,10,-56.2,497.6,553.8
407,400.0,8,3,-239.33333333333334,508.3333333333333,747.6666666666666
409,300.0,6,2,180.0,784.0,604.0
409,350.0,7,2,-212.0,504.5,716.5
409,400.0,15,2,-9.0,650.5,659.5
409,450.0,24,8,-72.375,568.625,641.0
409,500.0,30,9,-45.77777777777778,626.1111111111111,671.8888888888889
409,550.0,20,10,-68.7,717.0,785.7
410,150.0,5,2,43.5,538.0,494.5
410,200.0,10,2,-41.5,518.0,559.5
410,250.0,26,6,-167.33333333333334,517.3333333333334,684.6666666666666
410,300.0,33,12,68.41666666666667,605.25,536.8333333333334
410,350.0,24,10,-30.1,545.8,575.9
410,400.0,15,5,-62.6,609.2,671.8
410,450.0,5,3,-198.66666666666666,449.3333333333333,648.0
411,250.0,24,3,-156.33333333333334,416.0,572.3333333333334
411,300.0,41,10,-7.4,473.3,480.7
411,350.0,35,17,-50.0,487.88235294117646,537.8823529411765
411,400.0,9,6,-48.666666666666664,505.8333333333333,554.5
412,0.0,12,4,-105.0,460.25,565.25
412,50.0,13,5,-14.0,507.6,521.6
412,100.0,15,4,40.25,482.25,442.0
412,150.0,19,5,-85.4,457.4,542.8
412,200.0,19,9,-11.0,562.4444444444445,573.4444444444445
412,250.0,11,5,64.0,550.2,486.2
412,300.0,7,3,-18.666666666666668,570.3333333333334,589.0
412,350.0,5,3,-70.33333333333333,490.6666666666667,561.0
412,550.0,4,2,-364.5,501.0,865.5
414,200.0,18,4,-119.75,409.75,529.5
414,250.0,30,11,-4.454545454545454,517.0909090909091,521.5454545454545
414,300.0,36,10,-50.0,510.5,560.5
414,350.0,25,12,-11.25,566.25,577.5
414,400.0,6,3,-28.0,566.3333333333334,594.3333333333334
415,200.0,17,2,-41.0,406.5,447.5
415,250.0,28,10,-19.9,505.6,525.5
415,300.0,35,11,8.727272727272727,524.4545454545455,515.7272727272727
415,350.0,25,11,-29.454545454545453,506.72727272727275,536.1818181818181
415,400.0,7,4,84.0,553.75,469.75
416,200.0,17,5,-34.8,582.6,617.4
416,250.0,28,6,-48.833333333333336,586.3333333333334,635.1666666666666
416,300.0,25,10,-42.5,513.7,556.2
416,350.0,20,6,28.0,583.1666666666666,555.1666666666666
416,400.0,15,6,-166.0,555.6666666666666,721.6666666666666
416,450.0,4,3,-18.0,642.3333333333334,660.3333333333334
418,0.0,12,7,23.285714285714285,542.5714285714286,519.2857142857143
418,200.0,18,4,48.25,553.0,504.75
418,250.0,27,6,-46.666666666666664,494.1666666666667,540.8333333333334
418,300.0,20,9,-13.222222222222221,541.6666666666666,554.8888888888889
418,350.0,10,3,-51.0,491.6666666666667,542.6666666666666
418,400.0,7,2,-158.5,430.5,589.0
418,500.0,4,2,-264.5,605.0,869.5
419,200.0,15,2,-16.0,477.0,493.0
419,250.0,18,7,-82.28571428571429,542.7142857142857,625.0
419,300.0,24,4,-25.75,542.75,568.5
419,350.0,30,8,-106.25,528.625,634.875
419,400.0,19,6,-44.166666666666664,565.5,609.6666666666666
419,450.0,8,4,-48.75,543.25,592.0
419,500.0,2,2,-28.5,571.5,600.0
420,300.0,30,5,-79.6,523.2,602.8
420,350.0,35,13,-113.84615384615384,534.3076923076923,648.1538461538462
420,400.0,22,7,-81.28571428571429,605.4285714285714,686.7142857142857
420,450.0,11,5,-56.0,594.8,650.8
421,200.0,10,2,-171.5,513.0,684.5
421,250.0,22,6,-77.16666666666667,428.1666666666667,505.3333333333333
421,300.0,31,9,-109.11111111111111,472.1111111111111,581.2222222222222
421,350.0,25,12,-70.58333333333333,540.4166666666666,611.0
421,400.0,16,3,-253.33333333333334,525.6666666666666,779.0
421,450.0,11,6,-167.83333333333334,546.0,713.8333333333334
421,500.0,3,3,-124.66666666666667,660.3333333333334,785.0
422,300.0,28,6,-119.0,468.5,587.5
422,350.0,34,12,-14.416666666666666,532.9166666666666,547.3333333333334
422,400.0,23,11,-41.81818181818182,558.4545454545455,600.2727272727273
422,450.0,14,7,-21.0,612.5714285714286,633.5714285714286
422,500.0,5,2,75.5,659.5,584.0
423,400.0,9,2,-89.5,463.5,553.0
423,450.0,13,2,-77.5,543.0,620.5
423,500.0,30,5,23.6,702.4,678.8
423,550.0,38,15,5.2,714.1333333333333,708.9333333333333
423,600.0,19,10,2.8,740.3,737.5
425,450.0,12,2,52.5,636.5,584.0
425,500.0,21,6,-48.166666666666664,663.5,711.6666666666666
425,550.0,28,7,8.285714285714286,726.0,717.7142857142857
425,600.0,29,10,-39.0,727.2,766.2
425,650.0,15,8,1.875,809.375,807.5
425,700.0,2,2,-7.0,794.5,801.5
426,150.0,9,2,-4.0,554.5,558.5
426,200.0,21,4,-68.0,511.5,579.5
426,250.0,31,7,72.28571428571429,568.8571428571429,496.57142857142856
426,300.0,27,12,-91.41666666666667,541.4166666666666,632.8333333333334
426,350.0,16,7,-51.57142857142857,564.4285714285714,616.0
427,150.0,32,2,17.0,420.0,403.0
427,200.0,32,18,24.11111111111111,457.6111111111111,433.5
427,250.0,8,5,-51.4,446.6,498.0
427,400.0,8,4,-79.0,613.75,692.75
427,600.0,5,3,-129.66666666666666,624.3333333333334,754.0
427,650.0,2,2,-218.0,685.0,903.0
428,250.0,7,2,-74.0,518.5,592.5
428,350.0,18,8,12.375,562.5,550.125
428,400.0,10,3,189.66666666666666,755.3333333333334,565.6666666666666
428,450.0,14,3,-109.66666666666667,554.6666666666666,664.3333333333334
428,500.0,16,5,-47.6,645.8,693.4
428,550.0,13,7,-5.285714285714286,639.0,644.2857142857143
428,600.0,9,5,-10.8,700.8,711.6
428,650.0,7,3,-117.33333333333333,723.0,840.3333333333334
428,700.0,5,3,-132.33333333333334,706.0,838.3333333333334
429,350.0,18,4,-336.75,491.0,827.75
429,400.0,22,6,-141.16666666666666,503.0,644.1666666666666
429,450.0,15,6,-168.5,589.8333333333334,758.3333333333334
429,500.0,24,4,-52.75,494.5,547.25
429,550.0,22,14,-50.0,615.0,665.0
429,600.0,4,2,-18.5,655.5,674.0
430,0.0,22,11,98.27272727272727,698.4545454545455,600.1818181818181
430,50.0,4,2,58.0,626.0,568.0
430,250.0,11,4,-167.75,521.25,689.0
430,300.0,9,3,67.0,645.0,578.0
430,350.0,9,3,190.66666666666666,909.3333333333334,718.6666666666666
430,400.0,15,2,-60.5,726.0,786.5
430,450.0,15,8,-117.875,599.625,717.5
430,500.0,7,3,-92.66666666666667,541.0,633.6666666666666
430,650.0,3,2,-307.5,549.5,857.0
431,100.0,6,2,-17.0,590.0,607.0
431,150.0,9,2,-150.0,484.0,634.0
431,200.0,11,6,-30.5,554.8333333333334,585.3333333333334
431,250.0,9,5,-36.0,488.0,524.0
431,300.0,9,2,-2.5,411.0,413.5
431,350.0,14,4,-43.5,438.75,482.25
431,400.0,19,5,-113.0,499.8,612.8
431,450.0,17,8,-31.25,524.5,555.75
431,500.0,9,4,-17.5,623.75,641.25
431,550.0,4,2,-76.5,616.0,692.5
431,600.0,4,2,-163.0,784.0,947.0
432,400.0,14,2,19.5,481.0,461.5
432,450.0,22,6,-86.0,565.5,651.5
432,500.0,22,7,32.0,629.1428571428571,597.1428571428571
432,550.0,20,4,-120.5,536.0,656.5
432,600.0,15,5,-109.8,637.2,747.0
432,650.0,9,4,3.0,795.0,792.0
432,700.0,3,2,-246.0,549.5,795.5
433,250.0,45,11,-55.90909090909091,456.0,511.90909090909093
433,300.0,36,13,-71.07692307692308,477.46153846153845,548.5384615384615
433,350.0,12,9,-42.55555555555556,492.77777777777777,535.3333333333334
433,450.0,3,2,-36.0,512.0,548.0
434,250.0,23,8,17.625,538.375,520.75
434,300.0,31,9,-69.55555555555556,485.0,554.5555555555555
434,350.0,29,12,-39.0,531.25,570.25
434,400.0,15,6,-30.0,594.6666666666666,624.6666666666666
434,450.0,5,3,26.666666666666668,601.3333333333334,574.6666666666666
435,300.0,17,2,-89.5,483.5,573.0
435,350.0,24,10,-46.5,633.6,680.1
435,400.0,29,9,-77.44444444444444,591.5555555555555,669.0
435,450.0,21,14,-50.785714285714285,628.0714285714286,678.8571428571429
435,500.0,6,4,21.0,686.0,665.0
435,550.0,5,2,-194.0,556.0,750.0
435,600.0,5,2,-91.5,697.0,788.5
436,150.0,18,7,-35.142857142857146,543.1428571428571,578.2857142857143
436,200.0,18,3,90.33333333333333,664.6666666666666,574.3333333333334
436,250.0,21,5,-5.8,606.8,612.6
436,300.0,17,5,-9.4,612.0,621.4
436,350.0,10,3,42.666666666666664,639.6666666666666,597.0
436,400.0,9,3,-133.33333333333334,541.3333333333334,674.6666666666666
436,450.0,9,3,-121.33333333333333,544.0,665.3333333333334
436,500.0,5,3,-96.66666666666667,581.0,677.6666666666666
438,300.0,40,8,-117.375,542.125,659.5
438,350.0,40,21,-20.428571428571427,585.1428571428571,605.5714285714286
438,400.0,18,12,-62.75,573.4166666666666,636.1666666666666
439,250.0,12,4,-96.25,433.5,529.75
439,300.0,25,5,-51.4,407.2,458.6
439,350.0,36,14,-82.14285714285714,454.57142857142856,536.7142857142857
439,400.0,27,14,-86.14285714285714,481.0,567.1428571428571
439,450.0,10,7,-128.85714285714286,448.2857142857143,577.1428571428571
439,500.0,2,2,4.0,596.0,592.0
441,300.0,14,2,-15.0,618.0,633.0
441,350.0,35,4,-50.5,549.5,600.0
441,400.0,35,17,-144.1764705882353,598.1176470588235,742.2941176470588
441,450.0,13,8,-47.75,602.25,650.0
441,600.0,3,2,-63.0,531.5,594.5
443,350.0,6,2,-98.5,525.5,624.0
443,400.0,17,3,5.0,589.0,584.0
443,450.0,22,7,-144.57142857142858,670.8571428571429,815.4285714285714
443,500.0,18,4,167.25,876.5,709.25
443,550.0,18,4,-122.75,638.0,760.75
443,600.0,18,6,-181.16666666666666,732.6666666666666,913.8333333333334
443,650.0,12,6,-24.5,867.0,891.5
443,700.0,4,2,113.0,827.5,714.5
444,450.0,30,7,-181.14285714285714,698.8571428571429,880.0
444,500.0,33,7,-57.0,736.8571428571429,793.8571428571429
444,550.0,25,8,-199.75,644.25,844.0
444,600.0,12,5,19.8,857.0,837.2
445,250.0,39,11,-45.45454545454545,470.1818181818182,515.6363636363636
445,300.0,42,15,-22.4,520.5333333333333,542.9333333333333
445,350.0,20,14,-48.92857142857143,531.2142857142857,580.1428571428571
445,400.0,3,2,4.0,554.5,550.5
446,200.0,40,6,-55.5,432.8333333333333,488.3333333333333
446,250.0,43,12,-35.833333333333336,447.6666666666667,483.5
446,300.0,19,11,-38.18181818181818,454.27272727272725,492.45454545454544
446,350.0,4,2,-25.0,487.0,512.0
448,250.0,14,3,-129.66666666666666,422.6666666666667,552.3333333333334
448,300.0,22,3,-83.33333333333333,424.6666666666667,508.0
448,350.0,24,7,-87.57142857142857,477.85714285714283,565.4285714285714
448,400.0,23,6,-82.5,533.8333333333334,616.3333333333334
448,450.0,17,6,-7.833333333333333,563.1666666666666,571.0
448,500.0,11,4,5.5,647.0,641.5
448,550.0,5,5,-9.2,663.2,672.4
449,300.0,20,4,-21.0,522.75,543.75
449,350.0,31,7,14.142857142857142,616.2857142857143,602.1428571428571
449,400.0,29,9,-23.333333333333332,567.5555555555555,590.8888888888889
449,450.0,16,6,-97.0,591.3333333333334,688.3333333333334
449,500.0,8,4,13.75,698.5,684.75
449,550.0,5,3,-25.333333333333332,725.6666666666666,751.0
450,200.0,24,6,-34.333333333333336,472.0,506.3333333333333
450,250.0,37,13,-24.615384615384617,512.1538461538462,536.7692307692307
450,300.0,32,11,28.0,546.2727272727273,518.2727272727273
450,350.0,15,8,-27.5,601.875,629.375
451,250.0,16,7,40.0,613.2857142857143,573.2857142857143
451,300.0,16,5,-167.0,509.8,676.8
451,350.0,21,5,-44.2,638.8,683.0
451,400.0,27,7,-48.857142857142854,583.5714285714286,632.4285714285714
451,450.0,20,10,-54.5,613.2,667.7
451,500.0,8,4,-123.25,641.5,764.75
451,550.0,2,2,-140.0,651.5,791.5
454,150.0,6,2,-41.5,535.5,577.0
454,200.0,21,4,-2.5,517.25,519.75
454,250.0,43,12,3.0833333333333335,590.5833333333334,587.5
454,300.0,37,16,-1.125,535.625,536.75
454,350.0,11,6,-80.83333333333333,542.1666666666666,623.0
456,400.0,9,5,-84.0,497.8,581.8
456,450.0,15,3,-117.0,529.6666666666666,646.6666666666666
456,500.0,23,9,-103.22222222222223,586.4444444444445,689.6666666666666
456,550.0,21,7,-48.142857142857146,629.7142857142857,677.8571428571429
456,600.0,15,3,-106.33333333333333,692.3333333333334,798.6666666666666
456,650.0,10,5,178.0,876.8,698.8
456,700.0,7,2,-36.5,843.0,879.5
457,250.0,36,5,-108.6,431.2,539.8
457,300.0,49,17,-51.35294117647059,459.0,510.3529411764706
457,350.0,23,15,-38.0,481.46666666666664,519.4666666666667
457,400.0,4,3,-77.0,507.0,584.0
458,250.0,27,4,64.0,579.25,515.25
458,300.0,41,9,-52.333333333333336,489.55555555555554,541.8888888888889
458,350.0,30,11,-44.45454545454545,523.8181818181819,568.2727272727273
458,400.0,15,5,-25.2,528.8,554.0
459,250.0,24,3,-41.333333333333336,460.6666666666667,502.0
459,300.0,41,8,-10.75,530.75,541.5
459,350.0,34,19,-35.1578947368421,492.63157894736844,527.7894736842105
459,400.0,13,7,-14.714285714285714,588.1428571428571,602.8571428571429
460,250.0,34,4,-14.75,463.25,478.0
460,300.0,43,15,-7.333333333333333,552.8,560.1333333333333
460,350.0,24,11,165.0909090909091,712.0909090909091,547.0
460,400.0,5,2,-60.0,507.5,567.5
461,250.0,33,10,-117.8,472.4,590.2
461,300.0,38,13,-44.07692307692308,490.46153846153845,534.5384615384615
461,350.0,24,10,-90.3,491.1,581.4
461,400.0,9,4,41.5,576.75,535.25
463,300.0,37,7,12.0,538.0,526.0
463,350.0,40,13,-66.38461538461539,555.0,621.3846153846154
463,400.0,23,10,0.7,559.8,559.1
463,450.0,7,4,-163.25,576.75,740.0
465,400.0,10,3,74.0,954.3333333333334,880.3333333333334
465,450.0,14,5,-101.4,662.6,764.0
465,500.0,19,6,-7.333333333333333,741.1666666666666,748.5
465,550.0,25,7,-114.71428571428571,766.7142857142857,881.4285714285714
465,600.0,24,6,-37.5,822.3333333333334,859.8333333333334
465,650.0,15,8,26.375,868.125,841.75
465,700.0,6,3,-106.33333333333333,813.0,919.3333333333334
466,200.0,9,2,194.0,751.0,557.0
466,250.0,19,4,11.75,595.5,583.75
466,300.0,30,6,3.1666666666666665,524.6666666666666,521.5
466,350.0,27,13,-65.3076923076923,550.2307692307693,615.5384615384615
466,400.0,17,7,-92.28571428571429,556.1428571428571,648.4285714285714
466,450.0,9,4,-1.75,639.25,641.0
467,350.0,23,6,-169.66666666666666,557.8333333333334,727.5
467,400.0,34,7,-55.42857142857143,597.0,652.4285714285714
467,450.0,21,11,-48.18181818181818,636.5454545454545,684.7272727272727
467,500.0,11,3,-120.33333333333333,624.6666666666666,745.0
467,550.0,9,4,9.75,765.0,755.25
469,200.0,11,2,22.0,602.0,580.0
469,250.0,32,5,-42.8,498.4,541.2
469,300.0,46,12,-51.833333333333336,506.4166666666667,558.25
469,350.0,26,15,39.46666666666667,545.3333333333334,505.8666666666667
469,400.0,3,3,-35.333333333333336,505.3333333333333,540.6666666666666
470,300.0,25,5,31.6,575.0,543.4
470,350.0,40,12,-59.416666666666664,491.75,551.1666666666666
470,400.0,32,12,-16.166666666666668,578.5833333333334,594.75
470,450.0,13,5,-30.0,572.0,602.0
470,500.0,3,2,-143.0,445.0,588.0
473,250.0,39,13,-30.076923076923077,444.15384615384613,474.2307692307692
473,300.0,35,12,-47.75,473.6666666666667,521.4166666666666
473,350.0,17,12,-60.916666666666664,484.25,545.1666666666666
474,250.0,14,2,-91.0,415.5,506.5
474,300.0,24,5,21.8,499.6,477.8
474,350.0,35,10,9.3,526.1,516.8
474,400.0,30,10,-49.4,547.9,597.3
474,450.0,11,7,-23.428571428571427,595.1428571428571,618.5714285714286
474,500.0,2,2,-42.5,621.0,663.5
476,250.0,26,5,29.6,524.8,495.2
476,300.0,43,12,-7.25,515.0,522.25
476,350.0,33,15,-2.2666666666666666,543.1333333333333,545.4
476,400.0,9,5,-38.0,540.0,578.0
477,200.0,14,3,-123.0,496.3333333333333,619.3333333333334
477,250.0,23,7,-45.857142857142854,523.8571428571429,569.7142857142857
477,300.0,27,7,-38.285714285714285,499.2857142857143,537.5714285714286
477,350.0,24,11,-39.36363636363637,474.0,513.3636363636364
477,400.0,17,7,7.285714285714286,576.2857142857143,569.0
477,450.0,7,6,-90.66666666666667,547.5,638.1666666666666
479,250.0,7,2,-130.5,471.0,601.5
479,300.0,20,3,17.666666666666668,617.3333333333334,599.6666666666666
479,350.0,35,11,-87.9090909090909,581.8181818181819,669.7272727272727
479,400.0,31,12,-40.25,607.9166666666666,648.1666666666666
479,450.0,16,7,-20.142857142857142,601.5714285714286,621.7142857142857
479,500.0,6,3,-85.33333333333333,623.6666666666666,709.0
480,200.0,15,4,75.75,615.0,539.25
480,250.0,35,6,-27.666666666666668,508.3333333333333,536.0
480,300.0,42,15,-16.666666666666668,513.9333333333333,530.6
480,350.0,20,11,26.272727272727273,549.2727272727273,523.0
480,400.0,3,2,-106.5,544.5,651.0
481,150.0,19,5,11.4,479.8,468.4
481,200.0,25,8,-32.875,403.5,436.375
481,250.0,25,10,-53.8,405.9,459.7
481,300.0,15,8,-73.125,466.0,539.125
481,550.0,7,2,-123.0,561.0,684.0
481,600.0,4,2,-15.5,679.5,695.0
482,300.0,16,2,-53.0,495.0,548.0
482,350.0,27,8,-60.875,533.875,594.75
482,400.0,34,9,-69.22222222222223,555.2222222222222,624.4444444444445
482,450.0,25,15,-9.266666666666667,587.0,596.2666666666667
482,500.0,7,5,-20.0,694.0,714.0
483,400.0,23,5,29.6,623.6,594.0
483,450.0,29,8,-87.875,680.25,768.125
483,500.0,26,6,-73.83333333333333,678.5,752.3333333333334
483,550.0,17,8,-164.25,693.25,857.5
483,600.0,5,3,-259.0,774.6666666666666,1033.6666666666667
486,250.0,13,2,-17.0,496.5,513.5
486,300.0,27,7,-19.142857142857142,590.1428571428571,609.2857142857143
486,350.0,35,14,-11.428571428571429,601.3571428571429,612.7857142857143
486,400.0,26,12,-52.833333333333336,551.9166666666666,604.75
486,450.0,11,8,-1.625,678.875,680.5
489,350.0,17,7,-89.85714285714286,550.0,639.8571428571429
489,400.0,23,5,-124.6,589.6,714.2
489,450.0,28,8,-42.0,629.125,671.125
489,500.0,25,6,35.333333333333336,645.0,609.6666666666666
489,550.0,12,5,-176.0,579.8,755.8
492,250.0,23,4,22.5,565.5,543.0
492,300.0,36,9,-62.333333333333336,464.44444444444446,526.7777777777778
492,350.0,27,12,-89.0,539.5833333333334,628.5833333333334
492,400.0,11,8,-202.25,419.75,622.0
492,450.0,9,2,-207.0,600.5,807.5
492,500.0,6,4,-58.5,716.75,775.25
493,300.0,19,4,117.5,660.0,542.5
493,350.0,21,4,84.25,666.25,582.0
493,400.0,30,8,-135.625,533.875,669.5
493,450.0,26,15,-174.66666666666666,586.2666666666667,760.9333333333333
493,500.0,11,4,-250.0,654.25,904.25
493,550.0,2,2,-262.5,638.5,901.0
494,300.0,22,2,-18.0,575.0,593.0
494,350.0,36,10,-39.6,559.0,598.6
494,400.0,33,16,-58.25,609.6875,667.9375
494,450.0,15,5,-11.0,677.8,688.8
494,500.0,3,2,-72.5,725.5,798.0
495,100.0,9,2,337.5,958.0,620.5
495,150.0,16,5,69.8,605.8,536.0
495,200.0,29,6,66.5,605.8333333333334,539.3333333333334
495,250.0,32,12,44.333333333333336,595.1666666666666,550.8333333333334
495,300.0,19,5,7.0,541.6,534.6
495,350.0,8,6,-155.16666666666666,560.0,715.1666666666666
496,250.0,39,10,-37.8,493.4,531.2
496,300.0,39,17,-24.176470588235293,504.88235294117646,529.0588235294117
496,350.0,18,9,-8.777777777777779,508.22222222222223,517.0
496,400.0,6,3,-71.66666666666667,479.0,550.6666666666666
496,450.0,3,2,75.0,635.0,560.0
497,150.0,14,4,35.25,542.75,507.5
497,200.0,22,2,-42.5,489.0,531.5
497,250.0,24,5,60.8,504.6,443.8
497,300.0,16,7,81.57142857142857,542.2857142857143,460.7142857142857
497,350.0,12,4,-37.75,527.75,565.5
497,400.0,10,4,-30.25,484.25,514.5
497,450.0,6,4,-80.25,579.75,660.0
497,550.0,4,2,13.5,576.0,562.5
499,0.0,6,3,253.66666666666666,740.6666666666666,487.0
499,50.0,5,2,90.0,653.0,563.0
499,100.0,9,3,87.33333333333333,646.3333333333334,559.0
499,150.0,15,4,264.25,816.0,551.75
499,200.0,22,3,13.333333333333334,616.6666666666666,603.3333333333334
499,250.0,27,7,74.42857142857143,648.8571428571429,574.4285714285714
499,300.0,23,8,13.375,576.875,563.5
499,350.0,11,6,-82.16666666666667,527.3333333333334,609.5
501,250.0,16,2,-63.5,561.0,624.5
501,300.0,32,12,1.4166666666666667,568.8333333333334,567.4166666666666
501,350.0,34,15,-42.0,607.1333333333333,649.1333333333333
501,400.0,21,9,-111.33333333333333,615.2222222222222,726.5555555555555
501,450.0,7,3,-149.0,559.6666666666666,708.6666666666666
504,200.0,22,3,-117.0,516.6666666666666,633.6666666666666
504,250.0,40,13,-51.92307692307692,527.0769230769231,579.0
504,300.0,35,13,-40.23076923076923,563.6923076923077,603.9230769230769
504,350.0,14,7,23.571428571428573,592.0,568.4285714285714
504,400.0,3,2,-281.5,550.5,832.0
505,200.0,20,2,668.5,1261.0,592.5
505,250.0,34,10,-133.2,464.2,597.4
505,300.0,30,12,-11.666666666666666,498.0833333333333,509.75
505,350.0,17,6,-33.0,487.5,520.5
505,400.0,8,3,79.66666666666667,586.0,506.3333333333333
507,150.0,12,2,-14.5,527.5,542.0
507,200.0,28,4,-12.25,504.25,516.5
507,250.0,36,11,-36.63636363636363,477.8181818181818,514.4545454545455
507,300.0,23,9,-30.88888888888889,543.6666666666666,574.5555555555555
507,350.0,10,5,-11.2,561.4,572.6
507,400.0,3,3,-184.0,493.3333333333333,677.3333333333334
508,200.0,28,9,-68.11111111111111,496.8888888888889,565.0
508,250.0,31,13,-35.0,502.61538461538464,537.6153846153846
508,300.0,27,6,4.333333333333333,524.1666666666666,519.8333333333334
508,350.0,15,9,-32.44444444444444,511.0,543.4444444444445
508,400.0,3,3,30.0,544.0,514.0
509,0.0,14,5,-47.6,402.6,450.2
509,50.0,14,2,-7.0,462.0,469.0
509,100.0,20,5,4.2,488.8,484.6
509,150.0,17,9,-20.22222222222222,472.8888888888889,493.1111111111111
509,200.0,20,4,-103.75,381.5,485.25
509,250.0,20,7,16.285714285714285,527.2857142857143,511.0
509,300.0,10,6,34.833333333333336,503.5,468.6666666666667
509,350.0,4,2,6.5,528.5,522.0
512,150.0,17,3,90.0,577.0,487.0
512,200.0,28,9,73.88888888888889,582.8888888888889,509.0
512,250.0,34,12,41.083333333333336,549.75,508.6666666666667
512,300.0,25,11,73.18181818181819,573.8181818181819,500.6363636363636
512,350.0,9,3,-71.0,567.0,638.0
514,100.0,21,3,48.666666666666664,437.0,388.3333333333333
514,150.0,42,11,3.8181818181818183,467.27272727272725,463.45454545454544
514,200.0,37,10,8.7,449.2,440.5
514,250.0,14,6,11.0,463.0,452.0
514,300.0,2,2,-129.5,423.0,552.5
515,400.0,10,3,-35.333333333333336,614.0,649.3333333333334
515,450.0,8,2,-22.5,624.5,647.0
515,500.0,10,2,-23.0,631.5,654.5
515,550.0,18,5,-41.4,691.2,732.6
515,600.0,19,5,7.8,759.8,752.0
515,650.0,18,5,-55.0,804.0,859.0
515,700.0,16,5,-28.8,873.4,902.2
515,750.0,8,2,33.5,930.0,896.5
516,250.0,17,7,-77.28571428571429,529.5714285714286,606.8571428571429
516,300.0,16,4,-36.75,503.5,540.25
516,350.0,15,6,-120.33333333333333,559.1666666666666,679.5
516,400.0,11,6,27.666666666666668,591.3333333333334,563.6666666666666
516,450.0,13,2,-224.0,451.5,675.5
516,500.0,13,7,-93.14285714285714,612.7142857142857,705.8571428571429
516,550.0,10,4,14.75,603.0,588.25
516,600.0,6,4,-210.75,654.0,864.75
520,250.0,25,7,-30.714285714285715,530.2857142857143,561.0
520,300.0,39,10,-75.8,512.8,588.6
520,350.0,32,16,-46.625,533.8125,580.4375
520,400.0,10,6,-49.5,549.8333333333334,599.3333333333334
521,300.0,18,4,-30.75,545.25,576.0
521,350.0,27,8,-48.25,556.875,605.125
521,400.0,31,12,-25.75,580.6666666666666,606.4166666666666
521,450.0,25,12,-96.91666666666667,590.5,687.4166666666666
521,500.0,8,4,33.25,604.5,571.25
522,200.0,16,3,-48.333333333333336,485.0,533.3333333333334
522,250.0,27,10,8.3,497.0,488.7
522,300.0,27,6,-96.33333333333333,482.1666666666667,578.5
522,350.0,20,7,-49.285714285714285,485.85714285714283,535.1428571428571
522,400.0,13,5,-34.8,549.0,583.8
522,450.0,9,4,-14.0,592.5,606.5
522,500.0,4,2,-66.0,575.0,641.0
523,300.0,23,7,-57.57142857142857,658.1428571428571,715.7142857142857
523,350.0,28,10,-22.1,793.9,816.0
523,400.0,27,6,-152.16666666666666,629.5,781.6666666666666
523,450.0,18,7,-20.857142857142858,712.0,732.8571428571429
523,500.0,7,2,-139.0,695.0,834.0
526,250.0,17,3,301.6666666666667,666.6666666666666,365.0
526,300.0,31,5,-36.2,433.4,469.6
526,350.0,31,12,-123.83333333333333,458.5833333333333,582.4166666666666
526,400.0,18,9,-64.11111111111111,500.22222222222223,564.3333333333334
526,450.0,8,4,-121.0,510.25,631.25
526,500.0,2,2,-46.5,569.0,615.5
527,200.0,8,2,55.0,401.0,346.0
527,250.0,24,4,-28.0,528.75,556.75
527,300.0,44,10,-17.8,472.1,489.9
527,350.0,33,17,-37.588235294117645,485.8235294117647,523.4117647058823
527,400.0,8,4,-55.25,509.5,564.75
529,200.0,17,4,-82.0,483.25,565.25
529,250.0,23,7,-71.0,501.7142857142857,572.7142857142857
529,300.0,24,8,-148.375,472.75,621.125
529,350.0,29,6,-74.16666666666667,559.6666666666666,633.8333333333334
529,400.0,19,11,-27.09090909090909,559.2727272727273,586.3636363636364
529,450.0,2,2,-41.5,658.0,699.5
533,300.0,18,4,-65.75,469.25,535.0
533,350.0,28,6,-3.1666666666666665,549.6666666666666,552.8333333333334
533,400.0,30,7,-45.42857142857143,583.7142857142857,629.1428571428571
533,450.0,21,7,-82.42857142857143,593.1428571428571,675.5714285714286
533,500.0,9,4,-49.25,603.5,652.75
533,550.0,2,2,16.5,667.0,650.5
535,300.0,11,2,-155.5,498.0,653.5
535,350.0,20,4,-128.0,509.0,637.0
535,400.0,32,6,-10.5,563.3333333333334,573.8333333333334
535,450.0,31,13,-73.92307692307692,603.1538461538462,677.0769230769231
535,500.0,15,3,-97.0,525.6666666666666,622.6666666666666
535,600.0,2,2,-0.5,809.0,809.5
539,150.0,18,2,-50.5,515.0,565.5
539,200.0,33,10,26.6,485.7,459.1
539,250.0,33,11,38.63636363636363,516.0,477.3636363636364
539,300.0,22,10,-84.3,489.4,573.7
539,350.0,7,3,-33.0,462.6666666666667,495.6666666666667
543,250.0,22,6,10.5,578.5,568.0
543,300.0,30,9,-44.0,540.5555555555555,584.5555555555555
543,350.0,29,11,-12.909090909090908,568.9090909090909,581.8181818181819
543,400.0,18,6,77.66666666666667,662.0,584.3333333333334
543,450.0,8,3,6.333333333333333,585.3333333333334,579.0
543,500.0,3,2,21.0,576.0,555.0
545,200.0,28,5,21.2,431.2,410.0
545,250.0,44,13,-46.84615384615385,454.0,500.84615384615387
545,300.0,30,15,-23.066666666666666,460.93333333333334,484.0
545,350.0,7,4,34.75,504.25,469.5
546,300.0,11,2,-38.0,485.0,523.0
546,350.0,24,6,-51.833333333333336,525.3333333333334,577.1666666666666
546,400.0,35,8,-146.625,559.125,705.75
546,450.0,29,15,-35.8,598.6666666666666,634.4666666666667
546,500.0,14,7,-33.142857142857146,611.1428571428571,644.2857142857143
546,550.0,4,3,-39.0,677.3333333333334,716.3333333333334
548,250.0,22,5,-65.8,516.6,582.4
548,300.0,44,10,-49.9,506.2,556.1
548,350.0,37,16,-38.8125,521.375,560.1875
548,400.0,9,4,13.25,554.75,541.5
549,250.0,10,2,-115.0,466.5,581.5
549,300.0,21,2,-121.0,522.5,643.5
549,350.0,26,8,-58.875,521.125,580.0
549,400.0,24,5,-33.6,615.8,649.4
549,450.0,20,9,33.55555555555556,628.7777777777778,595.2222222222222
549,500.0,10,5,-105.2,614.2,719.4
549,550.0,2,2,-110.5,461.0,571.5
550,300.0,24,2,-102.5,513.5,616.0
550,350.0,37,10,-88.7,518.8,607.5
550,400.0,33,13,-11.538461538461538,573.6923076923077,585.2307692307693
550,450.0,16,10,-41.4,619.0,660.4
550,500.0,3,2,-52.5,667.5,720.0
559,100.0,12,2,98.5,611.5,513.0
559,150.0,29,7,34.0,547.5714285714286,513.5714285714286
559,200.0,35,11,9.0,591.0,582.0
559,250.0,19,11,31.545454545454547,564.8181818181819,533.2727272727273
559,350.0,6,2,6.5,558.5,552.0
560,350.0,15,2,74.5,694.0,619.5
560,400.0,34,7,-91.42857142857143,646.0,737.4285714285714
560,450.0,33,11,-26.636363636363637,679.0,705.6363636363636
560,500.0,19,6,-43.833333333333336,695.3333333333334,739.1666666666666
560,550.0,9,6,6.833333333333333,713.8333333333334,707.0
